question,answer,language,q_id,cooc_num_pairs,cooc_total_pairs,cooc_coverage_ratio,cooc_unseen_keywords_count,cooc_unseen_keywords_ratio,cooc_avg_pmi,cooc_max_pmi,cooc_min_pmi,cooc_std_pmi
In which country was AFN Bremerhaven located?,Germany,en,33,5,10.0,0.5,0,0.0,-2.1659168298501106,-0.43446992827628217,-3.4645148708439595,0.9748609200796325
Dans quel pays se trouvait l'AFN Bremerhaven ?,Allemagne,fr,33,5,10.0,0.5,0,0.0,-1.2375279740863458,0.9477646180800868,-2.6316979796932376,1.1925215730472125
באיזו מדינה הייתה ממוקמת AFN ברמרהאפן?,גרמניה,he,33,10,21.0,0.47619047619047616,2,0.2857142857142857,-1.6566882723738126,-0.370753460271118,-2.9282368536787207,0.7723896130793021
AFN 不来梅哈芬 (AFN Bremerhaven) 位于哪个国家？,德国,zh,33,8,28.0,0.2857142857142857,2,0.25,-0.7455591210386228,7.629312561744532,-2.3809373802868956,3.17816743931995
In welchem Land befand sich AFN Bremerhaven?,Deutschland,de,33,5,10.0,0.5,0,0.0,-1.9666122733012852,-1.0120893160103897,-2.595184839536732,0.5557363950097747
¿En qué país estaba ubicado AFN Bremerhaven?,Alemania,es,33,7,15.0,0.4666666666666667,0,0.0,-1.9901176616736787,-1.4940516303211993,-2.8595266253279434,0.4705773873417874
AFN Bremerhaven किस देश में स्थित था?,जर्मनी,hi,33,6,15.0,0.4,2,0.3333333333333333,-1.941315400513061,-0.8365114365939388,-4.01889309069783,1.0083783801706847
Di negara mana AFN Bremerhaven berlokasi?,Jerman,id,33,4,10.0,0.4,0,0.0,-1.1688345773696522,1.3534088832764881,-2.495917971953609,1.4978094723808588
In quale paese si trovava AFN Bremerhaven?,Germania,it,33,7,15.0,0.4666666666666667,1,0.16666666666666666,-1.2376480218831662,0.1313241967699028,-2.7702626049936816,0.8240506082836265
AFNブレーマーハーフェンはどの国にありましたか？,ドイツ,ja,33,39,55.0,0.7090909090909091,1,0.09090909090909091,-0.7564666243433659,0.443386427094623,-1.9552349195621013,0.5140586283439802
AFN 브레머하펜은 어느 나라에 있었나요?,독일,ko,33,4,15.0,0.26666666666666666,2,0.3333333333333333,-2.066403343284647,-0.4089375707505198,-4.0997672304382595,1.655173120764025
Em qual país a AFN Bremerhaven estava localizada?,Alemanha,pt,33,7,15.0,0.4666666666666667,0,0.0,-1.4877853995857948,1.4058556019789872,-3.0844619559760527,1.3138196274371727
What was the position of August Joseph Donatelli's plane during World War II when it was shot down?,Tailgunner,en,30,91,120.0,0.7583333333333333,2,0.125,-0.8414375529583146,2.00215011371559,-1.9651216710775006,0.6223031701665152
Quelle était la position de l'avion d'August Joseph Donatelli pendant la Seconde Guerre mondiale lorsqu'il a été abattu ?,Mitrailleur de queue,fr,30,143,171.0,0.8362573099415205,1,0.05263157894736842,-0.39625679058354524,5.549038952623143,-2.359058802508802,1.0479170331644336
איזה תפקיד מילא אוגוסט ג'וזף דונאטלי במטוס שלו שהופל במהלך מלחמת העולם השנייה?,מקלען זנב,he,30,67,105.0,0.638095238095238,1,0.06666666666666667,-1.5255975943151394,3.3924595092284737,-5.1426024205934855,1.398379245922817
二战期间，奥古斯特·约瑟夫·多纳泰利 (August Joseph Donatelli) 的飞机是在什么位置被击落的？,尾炮手,zh,30,84,171.0,0.49122807017543857,1,0.05263157894736842,-0.4140760584130788,7.286977078239064,-2.1947488124619206,1.2955128161300118
"Welche Position hatte August Joseph Donatelli im Flugzeug während des Zweiten Weltkriegs, als es abgeschossen wurde?",Heckschütze,de,30,84,120.0,0.7,2,0.125,-0.6587104905659074,3.2633148184163967,-2.1607048339282966,0.8243268065933339
¿Cuál era la posición del avión de August Joseph Donatelli durante la Segunda Guerra Mundial cuando fue derribado?,Artillero de cola,es,30,93,120.0,0.775,1,0.0625,-1.1940028548786175,2.423377700168927,-3.3657366657495187,0.8853198553970643
द्वितीय विश्व युद्ध के दौरान ऑगस्ट जोसेफ़ डोनाटेली का हवाई जहाज़ किस जगह पर मार गिराया गया था?,टेलगनर,hi,30,101,153.0,0.6601307189542484,2,0.1111111111111111,-0.27470272651358923,4.552772400566223,-3.7625575927659187,1.1418521163985913
Apa posisi pesawat August Joseph Donatelli pada Perang Dunia II saat ditembak jatuh?,Penembak ekor,id,30,88,105.0,0.8380952380952381,0,0.0,-1.1598491828741917,3.437825979894036,-3.5137847297895894,1.03551515662616
Qual era la posizione dell'aereo di August Joseph Donatelli durante la seconda guerra mondiale quando è stato abbattuto?,Mitragliere di coda,it,30,121,153.0,0.7908496732026143,0,0.0,-0.6749948092848771,2.8083386836351605,-2.594042473769649,0.7973538089597589
第二次世界大戦で撃墜されたとき、オーガスト・ジョセフ・ドナテリの搭乗機のポジションは何でしたか？,尾部銃手,ja,30,237,300.0,0.79,1,0.04,-0.47479632821667067,3.5746437611075548,-3.9309848439392696,0.9747353316479513
제2차 세계 대전 당시 오거스트 조셉 도나텔리의 비행기가 격추되었을 때 비행기 위치는 어디였습니까?,꼬리포수,ko,30,34,105.0,0.3238095238095238,5,0.3333333333333333,-1.4042342108087114,2.613187503808189,-3.053599932773723,1.1215379472056095
Qual era a posição do avião de August Joseph Donatelli durante a Segunda Guerra Mundial quando foi abatido?,Artilheiro traseiro,pt,30,80,105.0,0.7619047619047619,0,0.0,-1.2047222889020799,2.44304506861984,-4.55072377446571,0.9456446807116647
In what year was Greg Brown's album One More Goodnight Kiss released?,1988,en,65,62,66.0,0.9393939393939394,0,0.0,-0.8166133017962803,4.946786711821216,-2.2165572304952423,1.0372405064665726
"En quelle année est sorti l'album ""One More Goodnight Kiss"" de Greg Brown ?",1988,fr,65,55,66.0,0.8333333333333334,0,0.0,-0.7407692461550989,6.573913564967362,-4.0655507461040665,1.7917324383646749
"באיזו שנה יצא האלבום ""One More Goodnight Kiss"" של גרג בראון?",1988,he,65,48,66.0,0.7272727272727273,0,0.0,-0.46771658245553643,4.284745551146926,-2.168359168102047,1.198436278254168
格雷格·布朗 (Greg Brown) 的专辑《再吻一夜情》(One More Goodnight Kiss) 是在哪一年发行的？,1988年,zh,65,87,171.0,0.5087719298245614,0,0.0,-0.08424303093692465,10.530983288615495,-4.58252924760699,2.551418462637349
In welchem Jahr wurde Greg Browns Album Ein letzter Gute-Nacht-Kuss veröffentlicht?,1988,de,65,47,55.0,0.8545454545454545,0,0.0,-1.6895119970722885,1.0270068319062557,-3.3763493687868005,0.8675334034341489
"¿En qué año se lanzó el álbum ""One More Goodnight Kiss"" de Greg Brown?",1988,es,65,41,55.0,0.7454545454545455,0,0.0,-0.41977744998448174,4.397670178267631,-3.63871306788135,1.4003252546766265
"ग्रेग ब्राउन का एल्बम ""वन मोर गुडनाइट किस"" किस साल रिलीज़ हुआ था?",1988,hi,65,43,66.0,0.6515151515151515,0,0.0,-0.9576096573729708,2.6256911307068367,-4.730931809597948,1.3392918803715936
Pada tahun berapa album Greg Brown yang berjudul One More Goodnight Kiss dirilis?,1988,id,65,60,78.0,0.7692307692307693,0,0.0,-1.3750422498774921,1.0608392107493372,-5.1403745822220905,1.2888785092438046
In che anno è stato pubblicato l'album di Greg Brown Un Altro Bacio Della Buonanotte?,1988,it,65,60,66.0,0.9090909090909091,0,0.0,-0.5783727404827561,2.8644385451727317,-2.23774344312454,0.925185652992953
グレッグ・ブラウンのアルバム「もうひとつのグッドナイト・キス」がリリースされたのは何年ですか？,1988年,ja,65,195,210.0,0.9285714285714286,0,0.0,-0.6558726407810967,4.6082361732012895,-3.157003960976145,0.9611381754867554
그렉 브라운의 앨범 원 모어 굿나잇 키스는 몇 년도에 발매되었습니까?,1988년,ko,65,16,66.0,0.24242424242424243,1,0.08333333333333333,-1.7788939685036698,2.737931540222429,-5.989949515896766,2.209866112078367
Em que ano foi lançado o álbum One More Goodnight Kiss de Greg Brown?,1988,pt,65,45,55.0,0.8181818181818182,0,0.0,-0.9392931419288535,2.006055735216315,-2.4432605669297165,1.1374219500759084
In what year was the NIH MERIT Award first created?,1986,en,31,27,28.0,0.9642857142857143,0,0.0,-1.7109154540408278,0.738857811279454,-5.895923833275394,1.123766923183512
En quelle année le prix MERIT des NIH a-t-il été créé pour la première fois ?,1986,fr,31,77,91.0,0.8461538461538461,0,0.0,-0.7625199923386076,1.2048512246803653,-2.932206963579886,0.5735559218819587
באיזו שנה הוכרז לראשונה על פרס NIH MERIT?,1986,he,31,24,36.0,0.6666666666666666,0,0.0,-0.5749503830886836,1.0791385748567557,-3.4960002991586476,1.0377888732106024
美国国家卫生研究院优秀研究人才奖是在哪一年设立的？,1986年,zh,31,49,66.0,0.7424242424242424,0,0.0,-0.4876393260455778,3.2241349377363755,-3.4995631952118824,1.1880078984733546
In welchem Jahr wurde der NIH MERIT Award erstmals verliehen?,1986,de,31,20,28.0,0.7142857142857143,0,0.0,-1.1356488061616312,1.4854388408193395,-3.5600943931281934,1.0338567164436983
¿En qué año se creó por primera vez el Premio MERIT de los NIH?,1986,es,31,37,45.0,0.8222222222222222,0,0.0,-0.6801751310765589,1.0749661958376548,-2.464160549119257,0.7308703940199062
एनआईएच मेरिट अवॉर्ड पहली बार किस साल शुरू किया गया था?,1986,hi,31,45,55.0,0.8181818181818182,0,0.0,-1.2703445301540017,0.7806874647728056,-5.345853815993496,1.080399654269279
Pada tahun berapakah Penghargaan NIH MERIT pertama kali diciptakan?,1986,id,31,41,45.0,0.9111111111111111,0,0.0,-0.9468420463260574,0.8806108929596133,-2.9165175580742213,0.7536958974579206
In quale anno è stato istituito per la prima volta il premio NIH MERIT?,1986,it,31,45,55.0,0.8181818181818182,0,0.0,-0.43629079665003984,1.9008407428051792,-1.7796163952375361,0.7186085205123823
NIH MERIT賞が最初に創設されたのは何年ですか？,1986年,ja,31,119,136.0,0.875,0,0.0,-0.7646176580023238,6.328148271726465,-2.3867915410775735,0.9050564272592841
NIH MERIT 상은 언제 처음 제정되었습니까?,1986년,ko,31,10,28.0,0.35714285714285715,2,0.25,-0.7767610926583247,5.599937989074265,-3.3530995904722287,2.644328219227112
Em que ano o prêmio NIH MERIT foi criado pela primeira vez?,1986,pt,31,31,45.0,0.6888888888888889,1,0.1,-0.9454266788974198,1.0735748924761488,-2.9164402787927997,0.6527139683699291
What term is used in South Africa to describe someone who obtains government contracts to facilitate outsourced services?,Tenderpreneur,en,43,84,105.0,0.8,1,0.06666666666666667,-1.2967118227479428,1.4476972187652988,-3.276691680961214,1.0043290765693873
Quel terme est utilisé en Afrique du Sud pour décrire une personne qui obtient des contrats gouvernementaux pour faciliter les services externalisés ?,Tenderpreneur,fr,43,92,120.0,0.7666666666666667,1,0.0625,-0.577867190286948,4.292028854213198,-2.011867005834466,0.9423660811074237
באיזה מונח משתמשים בדרום אפריקה כדי לתאר מישהו שמשיג חוזים ממשלתיים על מנת לקדם שירותים במיקור חוץ?,טנדרפרנור,he,43,115,153.0,0.7516339869281046,1,0.05555555555555555,-0.6811360207561009,3.6095789459091434,-3.1642445002903288,1.0046145739372516
在南非，用什么术语来形容那些获得政府合同以促进外包服务的人？,招标企业家,zh,43,186,190.0,0.9789473684210527,0,0.0,-0.7240125430031757,1.8015258090242172,-3.799987370612393,0.8073626142433449
"Welcher Begriff wird in Südafrika verwendet, um jemanden zu bezeichnen, der Regierungsaufträge erhält, um ausgelagerte Dienstleistungen zu ermöglichen?",Tenderpreneur,de,43,51,91.0,0.5604395604395604,2,0.14285714285714285,-1.0103428438620972,1.4808073129022403,-2.680083887974274,0.7437068822957121
¿Qué término se utiliza en Sudáfrica para describir a alguien que obtiene contratos del Gobierno para facilitar servicios subcontratados?,Tenderpreneur,es,43,83,105.0,0.7904761904761904,1,0.06666666666666667,-0.5050362253795854,2.4581434101433937,-4.2586028179341495,0.9117044550639826
"दक्षिण अफ़्रीका में, आउटसोर्स सेवाएं मुहैया कराने के लिए सरकार से समझौता करने वाले व्यक्ति को क्या कहा जाता है?",टेंडरप्रेन्योर,hi,43,161,190.0,0.8473684210526315,1,0.05,-0.42335027929963637,4.23605011404351,-2.7359067718067345,0.755949657881803
Istilah apa yang digunakan di Afrika Selatan untuk mendeskripsikan seseorang yang memperoleh kontrak pemerintah untuk memfasilitasi layanan outsourcing?,Tenderpreneur,id,43,85,105.0,0.8095238095238095,1,0.06666666666666667,-1.171693911156498,2.3478956378586138,-2.788868608174397,0.8454934135871107
Quale termine viene utilizzato in Sudafrica per descrivere qualcuno che ottiene contratti governativi per facilitare i servizi esternalizzati?,Tenderpreneur,it,43,59,91.0,0.6483516483516484,1,0.07142857142857142,-0.6546658135304914,2.5133673349399177,-4.2578658597728545,0.9880779830823462
南アフリカで、外注サービスを円滑に進めるために政府の契約を取得する人を指す用語は何ですか？,テンダープレナー,ja,43,200,231.0,0.8658008658008658,1,0.045454545454545456,-0.3623187702887196,4.672327495351571,-2.3675888872103434,0.8494250337625893
아웃소싱된 서비스를 용이하게 하기 위해 정부 계약을 획득하는 사람을 나타내는 남아프리카 공화국 용어는 무엇입니까?,텐더프레너,ko,43,58,105.0,0.5523809523809524,2,0.13333333333333333,-1.6399901411305577,3.564345059867421,-5.139353391656236,1.3361156208479616
Qual termo é usado na África do Sul para descrever alguém que obtém contratos governamentais para facilitar serviços terceirizados?,Tenderpreneur,pt,43,95,120.0,0.7916666666666666,1,0.0625,-0.5991929105103595,3.0072310305333856,-3.494682116933382,1.0196534694488648
What was the television network that aired The Greatest Canadian Invention?,CBC Television,en,55,30,36.0,0.8333333333333334,0,0.0,-0.8920720842986455,2.773878807810098,-2.985790031904125,1.235800036485889
"Quelle chaîne de télévision a diffusé l'émission ""The Greatest Canadian Invention"" ?",CBC Television,fr,55,52,66.0,0.7878787878787878,0,0.0,-0.4197466220264243,3.4953925557944205,-3.2275648421674488,1.496883475795059
איזו רשת טלוויזיה שידרה את הסדרה The Greatest Canadian Invention?,טלוויזיה CBC,he,55,31,55.0,0.5636363636363636,0,0.0,-0.6951354014545367,2.16016608674235,-3.2306414375759864,1.4930820381949714
《最伟大的加拿大发明》(The Greatest Canadian Invention) 是由哪家电视网络播出的？,加拿大广播公司电视台,zh,55,92,136.0,0.6764705882352942,0,0.0,-0.3245536282673619,7.067027247215475,-2.980526516208024,1.796860124293235
Welcher Fernsehsender strahlte Die größte kanadische Erfindung aus?,CBC Television,de,55,19,36.0,0.5277777777777778,0,0.0,-0.26067965640548746,5.947451410409971,-3.389955041841555,2.1315701248989773
"¿Cuál fue la cadena de televisión que emitió ""The Greatest Canadian Invention""?",CBC Television,es,55,30,55.0,0.5454545454545454,0,0.0,-1.3100536142979788,2.242628749144737,-4.082929927593372,1.504751142381773
द ग्रेटेस्ट कनेडियन इन्वेंशन को किस टेलीविजन नेटवर्क ने प्रसारित किया था?,सीबीसी टेलीविजन,hi,55,35,55.0,0.6363636363636364,0,0.0,-0.6433120251943508,3.139270379874851,-2.286744825386825,1.067564710313109
Jaringan televisi apa yang menayangkan The Greatest Canadian Invention?,CBC Television,id,55,24,45.0,0.5333333333333333,0,0.0,-1.4587436716136306,2.8697042494213334,-4.505612387682623,1.7941026674746223
Quale rete televisiva ha trasmesso La più grande invenzione canadese?,CBC Television,it,55,36,45.0,0.8,0,0.0,-0.7006632633664058,2.59312973186963,-1.908197754880282,0.9256505383522942
グレイテスト・カナディアン・インベンションを放送したテレビ局は何ですか？,CBCテレビ,ja,55,94,120.0,0.7833333333333333,0,0.0,-0.7209801331328862,3.499239507548648,-1.9410053217743255,0.8486934848959551
위대한 캐나다 발명품을 방영한 텔레비전 네트워크는 어디입니까?,CBC 텔레비전,ko,55,4,28.0,0.14285714285714285,2,0.25,-2.3067432664136547,1.4001162203928617,-5.847448762584634,3.073017569375392
Que estação de televisão transmitiu A Maior Invenção Canadiana?,CBC Television,pt,55,14,28.0,0.5,0,0.0,-2.0950966865382274,0.5123637141338665,-4.950412339659133,1.5551107510027065
What was the name of Nellie McKay's record label when Pretty Little Head was released?,Hungry Mouse,en,35,80,91.0,0.8791208791208791,0,0.0,-1.1913516557761283,0.9186741981638993,-3.9231697177148384,0.7468097298751474
"Quel était le nom du label de Nellie McKay lorsque ""Pretty Little Head"" est sorti ?",Hungry Mouse,fr,35,53,78.0,0.6794871794871795,0,0.0,-0.9363850332087669,4.359455980320621,-4.163996559369306,1.6006734572804429
מה היה שם הלייבל של נלי מקיי כאשר יצא האלבום Pretty Little Head?,Hungry Mouse,he,35,70,105.0,0.6666666666666666,0,0.0,-0.8736457098829526,4.5654881354615995,-4.047260874576813,1.4346644681299534
《美丽小脑袋》(Pretty Little Head) 发行时，娜丽·麦凯 (Nellie McKay) 的唱片公司叫什么名字？,Hungry Mouse,zh,35,74,190.0,0.3894736842105263,2,0.1,-0.2607153956719875,10.2875605160276,-3.455408902323535,2.557378185470307
"Wie hieß Nellie McKays Plattenlabel, als Pretty Little Head veröffentlicht wurde?",Hungry Mouse,de,35,42,78.0,0.5384615384615384,1,0.07692307692307693,-0.9884434631749912,3.2303959839532097,-3.193373858957589,1.4317139828851857
"¿Cuál era el nombre del sello discográfico de Nellie McKay cuando se lanzó ""Pretty Little Head""?",Hungry Mouse,es,35,67,105.0,0.638095238095238,0,0.0,-0.47838776602361555,6.111848984502158,-3.7948621397744247,1.6546990964987205
"जब ""प्रिटी लिटिल हेड"" रिलीज़ हुआ था, उस समय नेली मैके के रिकॉर्ड लेबल का क्या नाम था?",हंग्री माउस,hi,35,106,153.0,0.6928104575163399,1,0.05555555555555555,-0.511196339328908,1.4315123049037048,-4.170723500398991,0.761092292847667
Apa nama label rekaman Nellie McKay saat Pretty Little Head dirilis?,Hungry Mouse,id,35,51,78.0,0.6538461538461539,1,0.07692307692307693,-1.9139979208041833,2.1116914686928614,-4.9721510177204316,1.278081479982394
Qual era il nome dell'etichetta discografica di Nellie McKay quando è stato pubblicato Pretty Little Head?,Hungry Mouse,it,35,105,136.0,0.7720588235294118,0,0.0,-0.6810588538521096,4.388239815490443,-3.405482847076929,1.1889612737306945
プリティ・リトル・ヘッドがリリースされたとき、ネリー・マッケイのレコードレーベルの名前は何でしたか？,ハングリー・マウス,ja,35,201,231.0,0.8701298701298701,0,0.0,-0.5493755272593072,5.808279655752812,-3.320080258801468,1.2277048706995592
프리티 리틀 헤드가 발매되었을 때 넬리 맥케이의 레이블 이름은 무엇이었습니까?,헝그리 마우스,ko,35,15,66.0,0.22727272727272727,1,0.08333333333333333,-1.6774823987453125,1.5485309804819867,-4.6592702060836135,1.402964667869496
Qual era o nome da editora de Nellie McKay quando Pretty Little Head foi lançado?,Hungry Mouse,pt,35,48,78.0,0.6153846153846154,0,0.0,-1.353313153180568,3.9973605848724407,-3.572419487803769,1.2696725759063694
What type of health care group is St John of God Health Care?,Catholic not-for-profit,en,53,66,66.0,1.0,0,0.0,-1.131127243153242,1.4865390424974574,-2.625705959802346,0.7411287342737247
Quel type de groupe de soins de santé est St John of God Health Care ?,Catholique à but non lucratif,fr,53,113,120.0,0.9416666666666667,0,0.0,-0.5553344369671595,4.575410073910203,-2.8158611430822087,1.2431698438620442
איזה סוג של קבוצת בריאות היא St John of God Health Care?,קתולית ללא מטרות רווח,he,53,100,120.0,0.8333333333333334,0,0.0,-0.7949651294558469,4.585292562708595,-3.639030523335708,1.5222540376298417
圣约翰上帝医疗保健公司 (St John of God Health Care) 是什么类型的医疗保健集团？,天主教非营利性,zh,53,82,136.0,0.6029411764705882,1,0.058823529411764705,0.2266120690751172,8.784459830692395,-5.967309558002106,3.0832124659300497
Welche Art von Gesundheitsorganisation ist St John of God Health Care?,Katholisch und gemeinnützig,de,53,54,78.0,0.6923076923076923,0,0.0,-0.9479112447370982,3.8491742538959626,-3.3148255650011063,1.0660592405878175
¿Qué tipo de grupo de atención médica es St John of God Health Care?,Católico sin fines de lucro,es,53,92,105.0,0.8761904761904762,0,0.0,-0.9246458411570563,3.6321203793050967,-2.9592686979119582,1.2311623253169501
"सेंट जॉन ऑफ़ गॉड हेल्थ केयर, स्वास्थ्य से जुड़ा किस तरह का ग्रुप है?",कैथोलिक गैर-लाभकारी,hi,53,120,136.0,0.8823529411764706,0,0.0,-0.4028834969959412,3.8561609892357516,-3.5239814386872212,1.1602270299249555
Jenis kelompok layanan kesehatan apakah St John of God Health Care?,Katolik nirlaba,id,53,71,78.0,0.9102564102564102,0,0.0,-2.1187314431773356,0.9357970045526861,-5.575591090658784,1.3816910475162862
Che tipo di gruppo sanitario è St John of God Health Care?,Cattolico senza scopo di lucro,it,53,76,91.0,0.8351648351648352,0,0.0,-1.0215536647292338,3.269280160397978,-5.114783780009049,1.2310828463149976
セント・ジョン・オブ・ゴッド・ヘルスケアはどのような種類の医療グループですか？,カトリック系非営利医療グループ,ja,53,118,136.0,0.8676470588235294,0,0.0,-0.40620581037502584,5.346111509228292,-2.8324718264928626,1.2815893181453775
성 요한 건강 관리 기관은 어떤 유형의 의료 그룹입니까?,가톨릭 비영리,ko,53,37,55.0,0.6727272727272727,1,0.09090909090909091,-2.065063293497358,0.7804584278396802,-4.767385595554065,1.2597635921788706
Que tipo de grupo de assistência médica é a St John of God Health Care?,Católica sem fins lucrativos,pt,53,97,105.0,0.9238095238095239,0,0.0,-1.210481491104724,4.475553721324982,-4.815327290967,1.3492158622941528
What was the name of the military base established in the Vedder Crossing area in 1941?,CFB Chilliwack,en,45,34,55.0,0.6181818181818182,0,0.0,-1.6732219033093108,7.210732871511907,-3.9180225169753093,1.7850405531339824
Quel était le nom de la base militaire établie dans la région de Vedder Crossing en 1941 ?,BFC Chilliwack,fr,45,31,55.0,0.5636363636363636,1,0.09090909090909091,-1.4722749510720066,4.424397529998203,-3.8924475255293816,1.4075537169393073
מה היה שמו של הבסיס הצבאי שהוקם באזור מעבר וודר בשנת 1941?,CFB צ'יליוואק,he,45,59,91.0,0.6483516483516484,1,0.07142857142857142,-0.5259891765187775,2.8238839059918868,-2.252469641066024,0.9468220214798285
1941 年在维德尔路口 (Vedder Crossing) 地区建立的军事基地叫什么名字？,奇利瓦克加拿大部队基地（CFB Chilliwack）,zh,45,112,231.0,0.48484848484848486,1,0.045454545454545456,-0.7466183051149385,7.823996197975228,-2.7203989330671394,1.243854185059602
Wie hieß der 1941 im Gebiet Vedder Crossing errichtete Militärstützpunkt?,CFB Chilliwack,de,45,10,45.0,0.2222222222222222,1,0.1,-0.6591213900492292,2.4310858369893675,-1.9208947054256393,1.4197406183077443
¿Cuál era el nombre de la base militar establecida en el área de Vedder Crossing en 1941?,CFB Chilliwack,es,45,28,66.0,0.42424242424242425,2,0.16666666666666666,-1.553788086300095,0.276214629601617,-2.782950916366186,0.8347777335025748
"साल 1941 में, वेडर क्रॉसिंग एरिया में कौनसा सैनिक अड्डा बनाया गया था?",सीएफबी चिलीवैक,hi,45,26,66.0,0.3939393939393939,3,0.25,-1.1839676016377865,1.962471737503257,-3.7193735143887996,1.0018232656446615
Apa nama pangkalan militer yang didirikan di daerah Vedder Crossing pada tahun 1941?,CFB Chilliwack,id,45,41,78.0,0.5256410256410257,1,0.07692307692307693,-1.2325943605908605,2.3012657446140166,-3.583601045180647,1.031222572800465
Qual era il nome della base militare istituita nell'area di Vedder Crossing nel 1941?,CFB Chilliwack,it,45,53,91.0,0.5824175824175825,1,0.07142857142857142,-1.1326200349282538,0.8330422327717903,-3.1065310190278694,0.7118672043752221
1941年にヴェダー・クロッシング地域に設立された軍事基地の名前は何ですか?,チリワックカナダ軍基地,ja,45,168,210.0,0.8,1,0.047619047619047616,-0.6256473837552501,4.462160058725138,-4.070714721086196,0.9060610202992089
1941년 베더 크로싱 지역에 설립된 군사 기지의 이름은 무엇입니까?,"CFB 칠리<binary data, 1 bytes><binary data, 1 bytes><binary data, 1 bytes>",ko,45,32,120.0,0.26666666666666666,2,0.125,-1.6955248353069603,0.8984508547438693,-5.0999025008279455,1.480644452016935
Qual era o nome da base militar estabelecida na área de Vedder Crossing em 1941?,CFB Chilliwack,pt,45,32,66.0,0.48484848484848486,0,0.0,-1.1992940914404078,0.5187491121651052,-2.5657851713676125,0.700387407259691
Since which decade did bowl games start counting toward single-season and career statistics?,2000s,en,39,77,78.0,0.9871794871794872,0,0.0,-1.622863627673115,1.8111041158040462,-5.613020581329137,0.9888375538724749
"Au cours de quelle décennie les ""Bowl Games"" ont-ils commencé à être pris en compte dans les statistiques de saison et de carrière ?",Années 2000,fr,39,131,136.0,0.9632352941176471,0,0.0,-0.5274738200497322,1.5482450827619985,-1.8715707267785995,0.6640248568284728
באיזה עשור החלו משחקי קערה להיספר בסטטיסטיקה של עונה בודדת וקריירה?,שנות ה-2000,he,39,49,78.0,0.6282051282051282,0,0.0,-0.8108685140310399,1.0700133858539254,-3.098573970460422,0.8969721908072756
从哪个年代开始，碗赛开始计入单赛季和职业生涯统计？,2000 年代,zh,39,45,66.0,0.6818181818181818,1,0.08333333333333333,-1.0356685171577642,1.2345632465433969,-2.8860663606357932,0.8635431598763442
Ab welchem Jahrzehnt wurden Bowl-Spiele in die Statistiken für einzelne Saisons und Karrieren einbezogen?,2000er,de,39,45,66.0,0.6818181818181818,0,0.0,-0.6701433787344987,2.113454311840561,-2.264115749172983,0.9918930761933206
¿Desde qué década comenzaron a contar los juegos de tazón para las estadísticas de una sola temporada y de carrera?,2000,es,39,73,78.0,0.9358974358974359,0,0.0,-0.5772522321499882,1.5265284476702738,-2.1472131909034586,0.6837510588241847
बाउल गेम को किस दशक से सिंगल-सीज़न और करियर के आंकड़ों में गिना जाने लगा?,2000 का दशक,hi,39,105,120.0,0.875,0,0.0,-0.5357286069554063,2.1388112283469325,-2.362336186746871,0.7026131821047897
Sejak dekade manakah pertandingan bowl mulai dihitung dalam statistik musim tunggal dan karir?,2000-an,id,39,83,91.0,0.9120879120879121,0,0.0,-1.3514480978452075,0.6772575686869885,-4.424803474408487,0.8820612117145424
Da quale decennio i bowl game hanno iniziato a contare per le statistiche di una singola stagione e di carriera?,Anni 2000,it,39,102,105.0,0.9714285714285714,0,0.0,-0.4069383656187645,2.241248264369455,-2.4993776269736134,0.7307393868396499
ボウルゲームが1シーズンおよびキャリアの統計にカウントされるようになったのはどの年代からですか？,2000年代,ja,39,296,300.0,0.9866666666666667,0,0.0,-0.5524632161398857,4.848115722412818,-2.5189440114428048,0.7957748129023898
볼 게임은 몇 년대부터 단일 시즌 및 커리어 통계에 포함되기 시작했습니까?,2000년대,ko,39,47,78.0,0.6025641025641025,1,0.07692307692307693,-0.6429134526075992,2.0157379482350932,-4.08070823433396,1.1669340349816015
Em que década os jogos de bowl começaram a contar para as estatísticas de temporada única e carreira?,Década de 2000,pt,39,52,55.0,0.9454545454545454,0,0.0,-0.7090932504919414,1.5637067499017572,-2.241256001480473,0.8018920584031052
How long does a Rector of Università Cattolica del Sacro Cuore remain in office?,Four years,en,51,36,78.0,0.46153846153846156,2,0.15384615384615385,-1.3488510156886226,3.310824317614513,-3.2936731418484695,1.1500754213972717
Pendant combien de temps un Recteur de l'Università Cattolica del Sacro Cuore reste-t-il en fonction ?,Quatre ans,fr,51,75,105.0,0.7142857142857143,0,0.0,-0.5301081571727045,9.408169836709293,-3.907802694150183,2.3993874306476104
כמה זמן נשאר רקטור Università Cattolica del Sacro Cuore בתפקידו?,ארבע שנים,he,51,24,66.0,0.36363636363636365,3,0.25,-1.4650853476770946,4.702432402106627,-3.8701936227825033,1.6931462379949984
圣心天主教大学的校长任期是多久？,四年,zh,51,24,36.0,0.6666666666666666,0,0.0,-0.5071985968245266,2.3301528518496313,-1.8123259841416781,1.2024739878520085
Wie lange bleibt ein Rektor der Università Cattolica del Sacro Cuore im Amt?,Vier Jahre,de,51,36,66.0,0.5454545454545454,0,0.0,-1.0329810931070338,1.9921264476737666,-3.8475963946821765,1.372157678279851
¿Cuánto tiempo permanece en el cargo un rector de la Università Cattolica del Sacro Cuore?,Cuatro años,es,51,28,55.0,0.509090909090909,1,0.09090909090909091,-1.7168196809272003,0.6016204581633687,-3.989768563185407,1.0927472710541903
यूनिवर्सिटा कैटोलिका डेल सैक्रो क्यूरोर में कोई व्यक्ति रेक्टर के पद पर कितने समय तक रह सकता है?,चार साल,hi,51,99,171.0,0.5789473684210527,3,0.15789473684210525,-0.4847283581296708,1.5254869491341938,-2.0888905731364638,0.548911599023795
Berapa lama seorang Rektor Università Cattolica del Sacro Cuore menjabat?,Empat tahun,id,51,28,66.0,0.42424242424242425,1,0.08333333333333333,-2.0034065054097416,0.9132224570601423,-6.260537044349341,1.3398474011738224
Per quanto tempo un Magnifico Rettore dell'Università Cattolica del Sacro Cuore rimane in carica?,Quattro anni,it,51,91,91.0,1.0,0,0.0,-0.3751177407881401,4.307191164525461,-2.9918643091538963,1.0918868082203468
カトリック大学の学長の任期は？,4年,ja,51,18,21.0,0.8571428571428571,0,0.0,-0.3914967051733336,4.49385743799825,-1.7349939567044936,1.459411615152201
카톨리카 델 사크로 쿠오레 대학교 총장의 임기는 얼마입니까?,4년,ko,51,14,45.0,0.3111111111111111,1,0.1,-1.001988467619565,5.098722481083625,-5.37953577107147,2.32653833457558
Por quantos anos um Reitor da Università Cattolica del Sacro Cuore permanece no cargo?,Quatro anos,pt,51,49,78.0,0.6282051282051282,1,0.07692307692307693,-0.6919431421226198,6.403926221415408,-4.200960558408236,1.4716874656348577
"In the 1999 New Zealand general election, which party did Helen Clark lead to victory?",Labour Party,en,60,66,66.0,1.0,0,0.0,-1.7750919689648887,0.36434463130615424,-3.7327193766271134,0.9164199193363777
"Aux élections générales néo-zélandaises de 1999, quel parti Helen Clark a-t-elle mené à la victoire ?",Parti travailliste,fr,60,80,105.0,0.7619047619047619,0,0.0,-0.23511932262087729,6.833575936136482,-2.113247884645209,1.4904532829329875
"בבחירות הכלליות של 1999 בניו זילנד, איזו מפלגה הובילה הלן קלארק לניצחון?",מפלגת הלייבור,he,60,72,91.0,0.7912087912087912,0,0.0,0.14500964742618205,4.099988085629424,-3.7624859206553434,1.685779037267712
在 1999 年新西兰大选中，海伦·克拉克 (Helen Clark) 领导哪个政党取得了胜利？,工党,zh,60,87,136.0,0.6397058823529411,0,0.0,-0.5147567965860456,4.925257535163042,-3.0965241903019622,1.2519572039280955
Welche Partei führte Helen Clark bei den Parlamentswahlen in Neuseeland 1999 zum Sieg?,Labour Party,de,60,73,91.0,0.8021978021978022,0,0.0,-0.5152508436785938,4.097392304627926,-3.853728872360569,1.3386833175463526
"En las elecciones generales de Nueva Zelanda de 1999, ¿a qué partido llevó Helen Clark a la victoria?",Partido Laborista,es,60,51,66.0,0.7727272727272727,0,0.0,-0.13547942777076005,3.2616203848669465,-2.0011142044196437,1.2253275240889328
न्यूज़ीलैंड में 1999 में हुए आम चुनाव में हेलेन क्लार्क की अगुवाई में किस पार्टी को जीत मिली?,लेबर पार्टी,hi,60,86,105.0,0.819047619047619,0,0.0,-0.6403691094681785,2.710827383529243,-3.108469523269548,1.0380296564544056
"Dalam pemilihan umum Selandia Baru tahun 1999, partai apa yang dipimpin Helen Clark yang meraih kemenangan?",Partai Buruh,id,60,96,105.0,0.9142857142857143,0,0.0,-1.1800053578504495,3.6034878365776946,-4.079019194621545,1.1104263817827351
"Nelle elezioni generali del 1999 in Nuova Zelanda, quale partito ha condotto alla vittoria Helen Clark?",Partito Laburista,it,60,72,91.0,0.7912087912087912,0,0.0,-0.9760922224751462,2.675001231307276,-2.632332069007955,0.9609675225188553
1999年のニュージーランド総選挙で、ヘレン・クラークはどの政党を勝利に導いたのでしょうか？,労働党,ja,60,186,210.0,0.8857142857142857,0,0.0,-0.4671222669130221,4.346735841181431,-2.051522344614749,1.106851699734416
1999년 뉴질랜드 총선에서 헬렌 클라크가 승리로 이끈 정당은 무엇입니까?,노동당,ko,60,20,55.0,0.36363636363636365,1,0.09090909090909091,-1.828391427795005,1.6138835852322722,-4.946107731802746,1.6914214310317748
"Na eleição geral de 1999 da Nova Zelândia, qual partido Helen Clark liderou à vitória?",Partido Trabalhista,pt,60,63,78.0,0.8076923076923077,0,0.0,-0.749888478652199,3.7150389546810074,-2.7507109128459533,1.087412948585401
What did Archer Capital purchase in partnership with the management of Australian Geographic in 1998?,Australian Geographic,en,49,53,55.0,0.9636363636363636,0,0.0,-1.2724189251201445,0.7269788789494286,-2.6729284913760316,0.6965973430397395
Qu'est-ce qu'Archer Capital a acheté en partenariat avec la direction d'Australian Geographic en 1998 ?,Australian Geographic,fr,49,79,91.0,0.8681318681318682,0,0.0,-0.6581320661838944,1.9167144666103768,-2.1841816683576702,0.6595074716878767
מה רכשה ארצ'ר קפיטל בשותפות עם הנהלת Australian Geographic ב-1998?,אוסטרליאן ג'אוגרפיק,he,49,32,66.0,0.48484848484848486,1,0.08333333333333333,-0.5012842044341624,7.094529344907738,-2.559567796341541,1.9461534608555402
1998 年，Archer Capital 与 Australian Geographic 的管理层合作购买了什么？,Australian Geographic,zh,49,45,78.0,0.5769230769230769,0,0.0,-0.24436627102762887,9.562765029344082,-1.7072770417277716,2.2892536436381827
Was hat Archer Capital 1998 in Partnerschaft mit dem Management von Australian Geographic gekauft?,Australian Geographic,de,49,65,78.0,0.8333333333333334,0,0.0,-0.6232798830254489,2.333259903498093,-2.4936537911012304,0.8693441979763751
¿Qué compró Archer Capital en asociación con la dirección de Australian Geographic en 1998?,Australian Geographic,es,49,23,36.0,0.6388888888888888,0,0.0,-0.40192446142989197,4.609502947482034,-1.3790473484831116,1.2492689920688957
ऑस्ट्रेलियन जिओग्राफ़िक के मैनेजमेंट के साथ 1998 में हुई साझेदारी में आर्चर कैपिटल ने क्या खरीदा था?,ऑस्ट्रेलियन ज्योग्राफिक,hi,49,56,91.0,0.6153846153846154,1,0.07142857142857142,-0.5884169077683247,2.5797590131237764,-3.4837382018411187,0.9995227612181989
Apa yang dibeli Archer Capital dalam kemitraan dengan manajemen Australian Geographic pada tahun 1998?,Australian Geographic,id,49,63,78.0,0.8076923076923077,0,0.0,-0.6836893214635524,4.015365766285726,-2.602957237874877,0.8980163111903454
Cosa ha acquistato Archer Capital in collaborazione con il management di Australian Geographic nel 1998?,Australian Geographic,it,49,54,66.0,0.8181818181818182,0,0.0,-0.9003494347348456,2.543246553246391,-2.3583746897018654,0.8507074985237313
アーチャー・キャピタルは1998年にAustralian Geographicの経営陣と提携して何を購入しましたか？,Australian Geographic,ja,49,208,231.0,0.9004329004329005,0,0.0,-0.755353310907763,9.904288112011518,-4.687734597330147,1.3768357110714884
1998년에 아처 캐피탈은 오스트레일리안 지오그래픽 경영진과 파트너십을 맺고 무엇을 인수했습니까?,Australian Geographic,ko,49,5,78.0,0.0641025641025641,2,0.15384615384615385,1.5818999027547043,6.024444105250772,-4.0125323616321245,3.9642444479357817
O que a Archer Capital comprou em parceria com a administração da Australian Geographic em 1998?,Australian Geographic,pt,49,23,36.0,0.6388888888888888,0,0.0,-0.7781496484126249,4.449443229221411,-3.873170501881719,1.5296642926354238
What is the original name of Entebbe General Hospital?,Entebbe Grade B Hospital,en,63,21,28.0,0.75,0,0.0,-2.3247428263645085,-0.24645435967633067,-3.806771312309332,0.8184966897741349
Quel est le nom d'origine de l'hôpital général d'Entebbe ?,Hôpital de catégorie B d'Entebbe,fr,63,30,36.0,0.8333333333333334,0,0.0,-0.9496396009158776,0.5566703065691009,-3.0734538968542173,0.633807818190055
איך נקרא במקור בית החולים הכללי באנטבה?,בית החולים אנטבה דרגה ב',he,63,28,36.0,0.7777777777777778,0,0.0,-1.7891553378827367,5.7773681691856025,-4.994272694493629,2.017942439933759
恩德培综合医院的原名是什么？,恩德培 B 级医院,zh,63,26,36.0,0.7222222222222222,1,0.1111111111111111,-0.9263404131700269,0.3245623973751586,-1.6162652684395888,0.5690670306318727
Wie lautete der ursprüngliche Name des Allgemeinen Krankenhauses Entebbe?,Entebbe-Krankenhaus der Stufe B,de,63,43,55.0,0.7818181818181819,0,0.0,-1.161178658015581,2.9382966552017473,-3.223969524486228,0.9756316397862593
¿Cuál es el nombre original del Hospital General de Entebbe?,Hospital de Grado B de Entebbe,es,63,29,36.0,0.8055555555555556,0,0.0,-1.3153090766954945,0.4375627049462397,-2.6678822634727615,0.5756740763545224
एंटेबे जनरल अस्पताल का मूल नाम क्या है?,एंटेबे ग्रेड बी अस्पताल,hi,63,38,45.0,0.8444444444444444,0,0.0,-0.7158418580684957,4.028258668456122,-1.9191184045517444,1.0028176134603672
Apa nama asli Rumah Sakit Umum Entebbe?,Rumah Sakit Entebbe Kelas B,id,63,28,36.0,0.7777777777777778,1,0.1111111111111111,-2.479133282474117,-0.6214175815484905,-4.2908871222459135,0.8140278040755625
Qual è il nome originale dell'Ospedale Generale di Entebbe?,Ospedale di Grado B di Entebbe,it,63,37,45.0,0.8222222222222222,0,0.0,-1.2084348771950342,-0.30516872501649545,-2.343270280274389,0.5196577759960906
エンテベ総合病院の元の名称は何ですか？,エンテベグレードB病院,ja,63,58,66.0,0.8787878787878788,0,0.0,-0.6960192452925347,2.648478168053388,-1.7428418273496693,0.7991842706831919
엔테베 종합병원의 원래 이름은 무엇입니까?,엔테베 B등급 병원,ko,63,10,28.0,0.35714285714285715,1,0.125,-2.5769142262848708,0.27455045362681757,-5.629485415003863,1.7546699454838428
Qual era o nome original do Hospital Geral de Entebbe?,Hospital Entebbe Grau B,pt,63,22,28.0,0.7857142857142857,0,0.0,-2.294669661020493,-1.3149545101754512,-3.8312556397443434,0.6902294453947571
What was the name of the conference Campbell University's women's basketball team played in from 1994 to 2011?,Trans American Athletic Conference (TAAC),en,41,118,136.0,0.8676470588235294,1,0.058823529411764705,-1.0166241259062088,1.9188571976194886,-2.6647821562274494,0.7690352502078202
Dans quelle conférence l'équipe féminine de basket-ball de l'université Campbell a-t-elle évolué de 1994 à 2011 ?,Trans American Athletic Conference (TAAC),fr,41,149,190.0,0.7842105263157895,1,0.05,-0.6207637839337965,3.9653760112812724,-2.117440161972385,1.050462822096638
באיזה קונפרנס שיחקה קבוצת כדורסל הנשים של אוניברסיטת קמפבל בשנים 1994 עד 2011?,כנס האתלטיקה הטראנס-אמריקאי (TAAC),he,41,95,153.0,0.6209150326797386,1,0.05555555555555555,-0.47086756394872203,3.040119124841348,-3.9361449585332537,0.9700339231356104
坎贝尔大学女子篮球队从 1994 年到 2011 年参加了哪个联盟的比赛？,泛美田径联盟 (TAAC),zh,41,107,153.0,0.6993464052287581,1,0.05555555555555555,-0.5448414196064912,5.880683280433538,-2.8331560782942895,1.2124163826373646
In welcher Conference spielte die Frauenbasketballmannschaft der Campbell University von 1994 bis 2011?,Trans American Athletic Conference (TAAC),de,41,50,91.0,0.5494505494505495,2,0.14285714285714285,-1.0155188243929296,1.8805179892126185,-6.26891275780475,1.3714782450463339
¿En qué conferencia jugó el equipo de baloncesto femenino de la Universidad Campbell desde 1994 hasta el 2011?,Trans American Athletic Conference (TAAC),es,41,94,120.0,0.7833333333333333,0,0.0,-1.6325572636628964,0.8744919252404598,-3.749476686844232,1.0113056340491593
कैंपबेल यूनिवर्सिटी की महिला बास्केटबॉल टीम 1994 से 2011 तक किस कॉन्फ्रेंस में खेली थी?,ट्रांस अमेरिकन एथलेटिक कॉन्फ्रेंस (TAAC),hi,41,103,153.0,0.673202614379085,1,0.05555555555555555,-0.5242867524124385,6.330676951635704,-3.460442274689317,1.3474266429423896
Apa nama konferensi tempat tim bola basket wanita Campbell University bermain dari tahun 1994 hingga 2011?,Trans American Athletic Conference (TAAC),id,41,153,190.0,0.8052631578947368,1,0.05,-1.722758321588906,2.4286650568873607,-4.692078732846123,1.1906935623998818
Qual era il nome della conference in cui giocava la squadra di basket femminile della Campbell University dal 1994 al 2011?,Trans American Athletic Conference (TAAC),it,41,136,171.0,0.7953216374269005,0,0.0,-1.032977730487499,2.0886600269410276,-3.7801416204985587,1.0027714567559003
キャンベル大学の女子バスケットボールチームが1994年から2011年までプレーしていたカンファレンスの名称は何ですか？,トランスアメリカンアスレチックカンファレンス（TAAC）,ja,41,302,351.0,0.8603988603988604,1,0.037037037037037035,-0.5545908196218231,6.4948130566379785,-2.4438683201743054,1.1057169895747707
캠벨 대학교 여자 농구팀이 1994년부터 2011년까지 경기를 했던 컨퍼런스의 이름은 무엇입니까?,트랜스 아메리칸 애슬레틱 컨퍼런스 (TAAC),ko,41,49,153.0,0.3202614379084967,2,0.1111111111111111,-2.075107296857129,5.640757196477963,-5.51924337738328,2.000174264016236
Em que conferência jogou a equipa feminina de basquetebol da Campbell University entre 1994 e 2011?,Trans American Athletic Conference (TAAC),pt,41,67,105.0,0.638095238095238,1,0.06666666666666667,-1.6993922823753873,0.9720227989253548,-5.734598287715625,1.3386900551185394
"According to some writers, which ancient city is equated with Parrhasia?",Lycosura,en,34,18,36.0,0.5,2,0.2222222222222222,-0.9322794188942913,0.1448206943216183,-1.7119483128121105,0.4956769078825936
"Selon certains auteurs, quelle cité antique est identifiée à Parrhasia ?",Lycosure,fr,34,35,55.0,0.6363636363636364,2,0.18181818181818182,-0.5025312043870853,1.777932205706258,-1.2978052448452861,0.5978264511481101
"על פי כמה סופרים, איזו עיר עתיקה מזוהה עם פרהסיה?",ליקוסורה,he,34,35,55.0,0.6363636363636364,1,0.09090909090909091,-0.6819911309258937,2.5998677547811466,-1.549301954487639,0.7002518226534096
根据某些作家的说法，哪座古代城市等同于帕尔哈西亚 (Parrhasia)？,利科蘇拉,zh,34,34,91.0,0.37362637362637363,3,0.21428571428571427,-0.46458151054918206,2.617541478713798,-1.5216291352022084,0.9699799731135487
Welche antike Stadt wird laut einigen Autoren mit Parrhasia gleichgesetzt?,Lykosura,de,34,34,55.0,0.6181818181818182,2,0.18181818181818182,-0.6850297219412083,0.8212130728882522,-1.8682378633706884,0.577857817784815
"Según algunos escritores, ¿qué ciudad antigua se identifica con Parrasia?",Licosura,es,34,28,45.0,0.6222222222222222,2,0.2,-0.5807998127136912,0.6608976131182448,-1.0484075662718562,0.3944735136251396
"कुछ लेखकों के अनुसार, किस प्राचीन नगर की तुलना पैरेशिया से की जाती है?",लाइकोसुरा,hi,34,66,91.0,0.7252747252747253,2,0.14285714285714285,-0.616875782343626,1.357764304693214,-2.4120271131631954,0.5879442585761976
"Menurut beberapa penulis, kota kuno manakah yang disamakan dengan Parrhasia?",Lycosura,id,34,27,45.0,0.6,2,0.2,-0.9679369487011633,1.243755425870484,-2.349465440036763,0.7526446496765176
"Secondo alcuni scrittori, quale città antica viene identificata con Parrasia?",Licosura,it,34,27,45.0,0.6,2,0.2,-0.718544428878763,0.6307364550436488,-1.4891647501417695,0.5322677451469575
一部の著者によると、どの古代都市がパラシアと同一視されていますか？,リュコスーラ,ja,34,153,190.0,0.8052631578947368,2,0.1,-0.655596723166324,2.5876671537715588,-3.249986493954232,0.8048695957173162
"일부 저술가들에 따르면, 어떤 고대 도시가 파라시아와 동일시됩니까?",리코수라,ko,34,10,36.0,0.2777777777777778,4,0.4444444444444444,-2.2076058545751454,-0.09049331445126511,-4.645378038150234,1.1834303983180428
"De acordo com alguns escritores, que cidade antiga é identificada como Parrásia?",Licosura,pt,34,35,55.0,0.6363636363636364,2,0.18181818181818182,-0.6009705121936161,0.7394505414793212,-1.296136822921898,0.4920705705513037
What kind of systems does International Road Dynamics provide to ensure that vehicles depart terminals within acceptable weight limits?,Weigh-in-motion (WIM) systems,en,29,166,190.0,0.8736842105263158,0,0.0,-0.9624648203970827,3.7009147167363925,-3.726530764558871,0.8785590855168146
Quel type de systèmes International Road Dynamics fournit-il pour s'assurer que les véhicules quittent les terminaux dans les limites de poids acceptables ?,Systèmes de pesage en mouvement (WIM),fr,29,141,190.0,0.7421052631578947,0,0.0,-0.6313258287673702,2.3449376363102106,-3.045698505972073,0.8223408485694704
אילו מערכות של International Road Dynamics מאפשרות להבטיח שכלי רכב יצאו ליעדם במשקל המותר?,מערכות שקילה בתנועה (WIM),he,29,74,136.0,0.5441176470588235,0,0.0,-0.5484304243721472,3.193669179400752,-3.064362289165508,1.2470641391636907
国际道路动力学公司 (International Road Dynamics) 提供何种系统以确保车辆离开货运站时的重量在可接受的重量范围内？,动态称重 (WIM) 系统,zh,29,225,325.0,0.6923076923076923,0,0.0,-0.4491289445771856,8.454313439886118,-4.16482679421948,1.1765020665978527
"Welche Art von Systemen bietet International Road Dynamics an, um sicherzustellen, dass Fahrzeuge die Terminals innerhalb der zulässigen Gewichtsgrenzen verlassen?",Weigh-in-Motion-Systeme (WIM),de,29,170,231.0,0.7359307359307359,0,0.0,-0.601955640893285,2.7506792359097774,-2.9620915039913442,0.8333354159566696
¿Qué tipo de sistemas proporciona International Road Dynamics para asegurarse de que los vehículos salgan de las terminales dentro de los límites de peso aceptables?,Sistemas de pesaje en movimiento (WIM),es,29,107,153.0,0.6993464052287581,0,0.0,-0.7669804448030352,2.0102022194390763,-3.752276974746037,0.9449321098742194
International Road Dynamics यह पक्का करने के लिए कौनसे सिस्टम मुहैया कराता है कि टर्मिनल से तय सीमा में वज़न ढोने वाले वाहन ही गुज़र पाएं?,वेट-इन-मोशन (WIM) सिस्टम,hi,29,266,378.0,0.7037037037037037,0,0.0,-0.2941769185078448,7.394127210863711,-3.2172951402379826,0.9996462000580466
Jenis sistem apa yang disediakan International Road Dynamics untuk memastikan bahwa kendaraan berangkat dari terminal dalam batas berat yang dapat diterima?,Sistem penimbangan dalam gerakan (WIM),id,29,185,210.0,0.8809523809523809,0,0.0,-0.8593411645521289,2.4063234559151385,-2.85340131730661,0.7555911714885858
Quali tipi di sistemi fornisce International Road Dynamics per garantire che i veicoli lascino i terminal entro i limiti di peso accettabili?,Sistemi di pesatura in movimento (WIM),it,29,123,171.0,0.7192982456140351,0,0.0,-0.8338318609901356,1.822545378477923,-4.235960235220486,1.0551343956190162
インターナショナル・ロード・ダイナミクス社は、ターミナルを出発する車両が許容重量を超えていないことを確認するために、どのような種類のシステムを提供していますか？,重量走行測定（WIM）システム,ja,29,494,528.0,0.9356060606060606,0,0.0,-0.4604210892760464,3.8217315415594513,-3.800356964642796,0.8938396227084646
국제 로드 다이내믹스는 차량이 허용 중량 한도 내에서 터미널을 떠나는지 확인하기 위해 어떤 종류의 시스템을 제공합니까?,동적 계중(WIM) 시스템,ko,29,88,190.0,0.4631578947368421,3,0.15,-1.4521656481423724,2.5493461494741525,-6.556733268975619,1.1451939141795444
Que tipo de sistemas a International Road Dynamics fornece para garantir que os veículos saem dos terminais dentro dos limites de peso aceitáveis?,Sistemas de pesagem em movimento (WIM),pt,29,108,153.0,0.7058823529411765,0,0.0,-0.8705994216773554,2.4417982982389907,-3.587893900284838,0.9655581606821597
What was the name of the University of Detroit's halfback in the 1929 football season?,Lloyd Brazil,en,56,45,55.0,0.8181818181818182,0,0.0,-1.2642920990378417,2.530233714986392,-3.3210820763485764,1.0599911840461274
Quel était le nom du demi-arrière de l'université de Détroit lors de la saison de football de 1929 ?,Lloyd Brazil,fr,56,48,66.0,0.7272727272727273,0,0.0,-2.046658726722029,-0.4310834817712337,-4.740559460245142,0.8666756445177062
מה היה שמו של הרץ האחורי של אוניברסיטת דטרויט בעונת הפוטבול של 1929?,לויד ברזיל,he,56,61,78.0,0.782051282051282,0,0.0,-0.45825121259723284,3.324093178788932,-2.7417516427525697,1.2626698287561724
1929 年橄榄球赛季中，底特律大学的中卫叫什么名字？,劳埃德·布拉齐尔,zh,56,74,120.0,0.6166666666666667,0,0.0,-0.7992598227424975,2.479660711515257,-3.5023230635891514,1.1684228142460813
Wie hieß der Halfback der University of Detroit in der Football-Saison 1929?,Lloyd Brazil,de,56,29,55.0,0.5272727272727272,1,0.09090909090909091,-1.7201437524282155,0.9488622323993237,-3.6261031266788297,1.2198243175848884
¿Cuál era el nombre del corredor rápido de la Universidad de Detroit en la temporada de fútbol americano de 1929?,Lloyd Brazil,es,56,63,78.0,0.8076923076923077,0,0.0,-1.8974225203632595,2.216577467526499,-5.8893127867851875,1.3037112787490197
साल 1929 के फ़ुटबॉल सीज़न में डेट्रॉइट यूनिवर्सिटी के हाफ़बैक का क्या नाम था?,लॉयड ब्राजील,hi,56,48,78.0,0.6153846153846154,1,0.07692307692307693,-0.35061597517617377,4.3646807586330825,-3.3246181259597893,1.334666646543099
Siapa nama halfback University of Detroit di musim sepak bola 1929?,Lloyd Brazil,id,56,39,66.0,0.5909090909090909,1,0.08333333333333333,-2.170745726636433,-0.10967477607307276,-5.275272403062519,1.336836941145367
Chi era il mediano dell'Università di Detroit nella stagione calcistica del 1929?,Lloyd Brazil,it,56,50,66.0,0.7575757575757576,0,0.0,-1.0129987925573471,2.8151950053131864,-2.918628588193976,1.1601316240238901
1929年シーズンのデトロイト大学のハーフバックの名前は？,ロイド・ブラジル,ja,56,50,66.0,0.7575757575757576,1,0.08333333333333333,-0.33639952017822883,4.742762807742148,-2.090942434353922,1.2247885739303144
1929년 풋볼 시즌 디트로이트 대학교의 하프백 이름은 무엇입니까?,로이드 브라질,ko,56,13,55.0,0.23636363636363636,0,0.0,-2.3120131328395517,4.054648681006716,-5.787100088979378,2.411220515952407
Qual era o nome do halfback da Universidade de Detroit na temporada de futebol americano de 1929?,Lloyd Brazil,pt,56,48,66.0,0.7272727272727273,0,0.0,-1.3543803265065009,0.658581345535059,-4.137254570768756,0.9031494560895661
"What is the name of the album that the song ""That's What Love Is For"" was released on?",Heart in Motion,en,61,66,66.0,1.0,0,0.0,-0.5852335881028422,2.44946660512958,-1.737374300054652,0.7085353473457012
"Quel est le nom de l'album sur lequel la chanson ""That's What Love Is For"" est sortie ?",Heart in Motion,fr,61,119,120.0,0.9916666666666667,0,0.0,-0.6698704455582436,2.5390729730393344,-5.6375907815683,1.421058223934663
"מהו שם האלבום שבו נכלל השיר ""That's What Love Is For""?",Heart in Motion,he,61,93,105.0,0.8857142857142857,0,0.0,-1.7261990262721731,0.9404176566417486,-5.460114515129095,1.6793389532410672
歌曲《这就是爱的意义》(That's What Love Is For) 收录在哪张专辑中？,《律动的真心》,zh,61,127,171.0,0.7426900584795322,0,0.0,-0.18119212308555005,6.359397247889038,-3.652734279368569,2.501442131421768
"Wie heißt das Album, auf dem der Song „That’s What Love Is For“ veröffentlicht wurde?",Heart in Motion,de,61,118,120.0,0.9833333333333333,0,0.0,-0.653365849483178,2.48054428796035,-2.756437607017312,1.1778035916992566
"¿Cuál es el nombre del álbum en el que se lanzó la canción ""That's What Love Is For""?",Heart in Motion,es,61,115,120.0,0.9583333333333334,0,0.0,-0.42751465579599424,2.70599312772722,-3.1161599653484178,1.502462170102159
"""दैट्स व्हाट लव इज़ फ़ॉर"" गाना किस एल्बम का है?",हार्ट इन मोशन,hi,61,57,78.0,0.7307692307692307,0,0.0,-0.18402422078238068,4.895972991484806,-3.1373113655977285,1.6584819062282425
"Apa nama album yang merilis lagu ""That's What Love Is For""?",Heart in Motion,id,61,90,91.0,0.989010989010989,0,0.0,-1.6103391820282884,1.4838751952339602,-3.99211212179838,1.1469894375344356
"Qual è il nome dell'album in cui è stata pubblicata la canzone ""That's What Love Is For""?",Heart in Motion,it,61,133,136.0,0.9779411764705882,0,0.0,-0.8422473949556638,2.51888187607862,-3.065497392077277,1.3254210074129598
「ザッツ・ホワット・ラブ・イズ・フォー」がリリースされたアルバムの名前は？,ハート・イン・モーション,ja,61,139,153.0,0.9084967320261438,0,0.0,-0.16436453058776823,8.34116648339719,-2.0185669575989262,1.6636309168925865
"""That's What Love Is For""라는 곡이 수록된 앨범의 이름은 무엇인가요?",Heart in Motion,ko,61,55,105.0,0.5238095238095238,1,0.06666666666666667,-0.9429132907881126,3.559106723916333,-5.088601078637514,1.8554411230675452
"Qual é o nome do álbum em que a música ""That's What Love Is For"" foi lançada?",Heart in Motion,pt,61,104,105.0,0.9904761904761905,0,0.0,-0.6268897567227412,2.4882149346706117,-3.210093083729577,1.4100539755496697
What was artistic swimming previously known as?,Synchronized swimming,en,67,19,21.0,0.9047619047619048,0,0.0,-1.0368473376181606,2.169901329327093,-2.5491300611807235,0.9221683758190115
Comment s'appelait auparavant la natation artistique ?,Natation synchronisée,fr,67,17,21.0,0.8095238095238095,0,0.0,-0.8257646453576275,4.550548985903687,-2.613082466630773,1.6630825981531134
באיזה שם נודעה בעבר השחייה הצורנית?,שחייה מסונכרנת,he,67,14,28.0,0.5,1,0.125,-1.6766841783865059,1.9196517118384182,-4.20392842086335,1.7431095496623177
花样游泳以前被称为什么？,同步游泳,zh,67,16,21.0,0.7619047619047619,0,0.0,-1.5681608121112736,4.036861562813029,-3.7276769077002623,1.6764849928925654
Wie wurde Kunstturnen früher genannt?,Synchronschwimmen,de,67,11,15.0,0.7333333333333333,0,0.0,-0.22983340541745073,7.455757604739526,-2.354964675115506,2.512397026151267
¿Cómo se llamaba anteriormente la natación artística?,Nado sincronizado,es,67,23,28.0,0.8214285714285714,0,0.0,0.14472058584647488,6.1325857775123565,-1.8964905749738359,2.0775630366257967
कलात्मक तैराकी को पहले क्या कहा जाता था?,सिंक्रोनाइज़्ड स्विमिंग,hi,67,26,36.0,0.7222222222222222,1,0.1111111111111111,-0.6745198706856053,5.0398090086149585,-1.672453274546626,1.1867741562150682
Apa sebutan lain untuk renang indah sebelumnya?,Renang sinkron,id,67,26,28.0,0.9285714285714286,0,0.0,-1.0065465248786636,0.47651301381044125,-2.3580364874097617,0.6692726810172482
Come era precedentemente noto il nuoto artistico?,Nuoto sincronizzato,it,67,17,21.0,0.8095238095238095,0,0.0,-0.9771918862128058,3.8651705023202005,-4.156622224470998,1.6669055679016687
アーティスティックスイミングは以前何と呼ばれていましたか？,シンクロナイズドスイミング,ja,67,61,78.0,0.782051282051282,1,0.07692307692307693,-0.5895235321931688,1.9418293529234163,-1.2343520621146182,0.5372799674181628
아티스틱 스위밍은 이전에 어떤 명칭으로 알려졌습니까?,싱크로나이즈드 스위밍,ko,67,5,28.0,0.17857142857142858,4,0.5,-0.8269697754339702,0.1987584485476186,-1.9516528873636887,0.8560061890244638
Como era anteriormente conhecida a natação artística?,Nado sincronizado,pt,67,23,28.0,0.8214285714285714,0,0.0,-0.6309404516510674,5.490666690416776,-3.298869944444072,2.2012555058072065
What is the Planck mass denoted by in the equation for the Vainshtein radius?,m_{P},en,52,34,55.0,0.6181818181818182,1,0.09090909090909091,-0.8430195099256254,1.8161350000553529,-3.0367083882745316,0.965589753739369
Quelle est la masse de Planck indiquée dans l'équation du rayon de Vainshtein ?,m_{P},fr,52,23,45.0,0.5111111111111111,1,0.1,-0.5363036122939686,3.8202490372803024,-2.3885617488912185,1.5144140984422338
מהי מסת פלאנק שמוזכרת במשוואה לרדיוס ויינשטיין?,m_{P},he,52,12,36.0,0.3333333333333333,1,0.1111111111111111,-2.3167990986256486,1.5872720200727137,-6.265083454486803,2.340162689453219
在 Vainshtein 半径方程中，普朗克质量用什么符号表示？,m_{P},zh,52,53,78.0,0.6794871794871795,1,0.07692307692307693,-1.2341897703465992,4.9030037573166805,-3.6143854595417038,1.4579074953845172
Was bezeichnet in der Gleichung für den Vainshtein-Radius die Planck-Masse?,m_{P},de,52,34,55.0,0.6181818181818182,1,0.09090909090909091,-0.5119841683103344,3.2457646094195685,-1.6760367141744112,1.092088134849189
¿Con qué se denota la masa de Planck en la ecuación del radio de Vainshtein?,m_{P},es,52,26,45.0,0.5777777777777777,1,0.1,-0.8686665645651357,1.5135668073333743,-1.8465354387107402,0.7390902522823697
वैन्स्टाइन रैडियस के समीकरण में प्लैंक मास के लिए किस निशान का इस्तेमाल किया जाता है?,m_{P},hi,52,80,120.0,0.6666666666666666,2,0.125,-0.7202032630745088,6.857117580559026,-3.132424511168154,1.1460493995668473
Apa yang dilambangkan dengan massa Planck dalam persamaan jari-jari Vainshtein?,m_{P},id,52,28,55.0,0.509090909090909,2,0.18181818181818182,-1.022336116658814,0.5580139103326476,-2.144033622695359,0.5669509577904905
Come viene indicata la massa di Planck nell'equazione per il raggio di Vainshtein?,m_{P},it,52,41,66.0,0.6212121212121212,2,0.16666666666666666,-0.5619492564603575,2.3212658391313314,-2.207570573549846,0.9192788817745401
ヴァインシュタイン半径の式でプランク質量はどのように表されますか？,m_{P},ja,52,128,153.0,0.8366013071895425,0,0.0,-0.6885966890932207,6.449112359363938,-2.400478369074572,1.25763105436956
바인슈타인 반지름 방정식에서 플랑크 질량을 나타내는 기호는 무엇입니까?,m_{P},ko,52,13,45.0,0.28888888888888886,1,0.1,-1.85573847053324,1.4905599059316041,-5.501590404936412,2.0131579899424525
Como é denotada a massa de Planck na equação do raio de Vainshtein?,m_{P},pt,52,29,55.0,0.5272727272727272,1,0.09090909090909091,-0.7358666273841452,2.7628353346831935,-2.019473206408556,0.9108567306629134
What is the original name of the Flood Modeller software?,ISIS,en,42,15,21.0,0.7142857142857143,0,0.0,-2.473084716131957,0.8860163398541634,-5.39166789931834,1.3056606992418751
Quel était le nom d'origine du logiciel Flood Modeller ?,ISIS,fr,42,20,28.0,0.7142857142857143,0,0.0,-0.9114056368969322,1.5081580354747715,-1.993009564079523,0.7402895534027938
מה היה השם המקורי של תוכנת Flood Modeller?,ISIS,he,42,22,36.0,0.6111111111111112,1,0.1111111111111111,-1.09423981807768,1.23547634205769,-3.4354688447319086,0.9528411276583083
Flood Modeller 软件的原名是什么？,ISIS,zh,42,15,28.0,0.5357142857142857,1,0.125,-0.9265868154760917,1.782508957432375,-2.311628811890149,1.027220740136896
Wie hieß die Flood Modeller-Software ursprünglich?,ISIS,de,42,10,21.0,0.47619047619047616,0,0.0,-0.5414528869641455,5.856551055586123,-2.302966426851617,2.385629189676131
¿Cuál es el nombre original del software Flood Modeller?,ISIS,es,42,18,28.0,0.6428571428571429,0,0.0,-1.1352735914431926,2.4787486164730264,-2.0785492303131137,1.0201485299560331
फ़्लड मॉडलर सॉफ़्टवेयर का मूल नाम क्या है?,आईएसआईएस,hi,42,21,36.0,0.5833333333333334,1,0.1111111111111111,-0.8686976949967639,0.07523683382872837,-2.360796912266192,0.5161090508163259
Apa nama asli dari perangkat lunak Flood Modeller?,ISIS,id,42,13,28.0,0.4642857142857143,1,0.125,-2.7718107465934234,1.1712418624694803,-5.3267381459075045,1.461909969110013
Qual era il nome originale del software Flood Modeller?,ISIS,it,42,16,28.0,0.5714285714285714,1,0.125,-2.2656528687355477,-1.068904700742973,-4.492877004893813,0.7969094013574154
フラッドモデラーのソフトウェアの元の名前は？,ISIS,ja,42,18,28.0,0.6428571428571429,0,0.0,-0.7166114732672105,2.511198419745423,-1.6613953231269094,0.9786889785125802
플러드 모델러 소프트웨어의 원래 이름은 무엇입니까?,ISIS,ko,42,6,21.0,0.2857142857142857,2,0.2857142857142857,-2.789784665310675,-1.3139404664614074,-4.0184081324571395,0.908831760751028
Qual era o nome original do software Flood Modeller?,ISIS,pt,42,10,21.0,0.47619047619047616,0,0.0,-2.7486422080628454,-1.7939457844829647,-3.9699209315695496,0.6999413627924899
When was the men's javelin throw event held at the 2010 Asian Games?,26 November 2010,en,47,76,78.0,0.9743589743589743,0,0.0,-1.0624750015051525,2.4311384308707247,-2.2843309486293313,0.7323322781288566
Quand l'épreuve masculine du lancer du javelot a-t-elle eu lieu aux Jeux asiatiques de 2010 ?,26 novembre 2010,fr,47,96,105.0,0.9142857142857143,0,0.0,-1.0791423228404233,3.465311950010699,-3.305807621158279,0.9295076881634805
מתי נערכה תחרות הטלת הכידון לגברים במשחקי אסיה 2010?,26 בנובמבר 2010,he,47,46,55.0,0.8363636363636363,0,0.0,-1.997087055115992,1.4561498553389594,-4.532850037420649,1.3764291891265945
2010 年亚洲运动会男子标枪比赛是什么时候举行的？,2010年11月26日,zh,47,117,120.0,0.975,0,0.0,-0.5484823723197453,4.241575849036434,-2.221951013032483,1.1826297844398441
Wann fand der Speerwurf-Wettbewerb der Männer bei den Asienspielen 2010 statt?,26. November 2010,de,47,52,66.0,0.7878787878787878,0,0.0,-0.8280890448354428,2.1635188822390634,-2.4865864098629915,0.7809081943533044
¿Cuándo se llevó a cabo el evento de lanzamiento de jabalina masculino en los Juegos Asiáticos del 2010?,26 de noviembre de 2010,es,47,85,91.0,0.9340659340659341,0,0.0,-0.38635929836964245,4.428961779485635,-2.1901249996420593,1.1460538732537835
साल 2010 के एशियाई खेलों में पुरुषों की भाला फेंक प्रतियोगिता कब आयोजित की गई थी?,26 नवंबर 2010,hi,47,115,120.0,0.9583333333333334,0,0.0,-0.19531618424763464,5.1702078512961585,-2.6478312008049163,1.2189604914959071
Kapan nomor lempar lembing putra diselenggarakan pada Asian Games 2010?,26 November 2010,id,47,56,66.0,0.8484848484848485,0,0.0,-1.2455369229383695,3.615498368163347,-2.506315778496374,1.0336177545467216
Quando si è svolta la gara di lancio del giavellotto maschile ai Giochi asiatici del 2010?,26 novembre 2010,it,47,84,91.0,0.9230769230769231,0,0.0,-0.6265915049824334,4.452444223389486,-1.736635254230823,0.894668662234936
2010年アジア競技大会の男子やり投競技はいつ開催されましたか？,2010年11月26日,ja,47,181,190.0,0.9526315789473684,0,0.0,-0.38051000881186814,7.020188890297036,-2.148396624812679,1.4169817406389775
2010년 아시안 게임 남자 창던지기 종목은 언제 개최되었습니까?,2010년 11월 26일,ko,47,54,78.0,0.6923076923076923,1,0.07692307692307693,-2.0617755627151393,2.715914855319771,-5.216541906552542,1.7750603615028195
Quando foi realizado o evento de lançamento de dardo masculino nos Jogos Asiáticos de 2010?,26 de novembro de 2010,pt,47,73,78.0,0.9358974358974359,0,0.0,-1.171408907487831,2.7618347813345863,-3.0039210859972045,0.8442319039186952
In which year did the Great Canadian flag debate officially begin?,1964,en,36,33,36.0,0.9166666666666666,0,0.0,-1.6391569019946826,0.32341546062242166,-3.3109813161410537,0.7299249281917761
En quelle année le grand débat sur le drapeau canadien a-t-il officiellement commencé ?,1964,fr,36,75,78.0,0.9615384615384616,0,0.0,-0.7963738588544684,0.2740682769274353,-2.0124365725430855,0.46282042455535394
באילו שנה החל באופן רשמי הוויכוח הגדול על דגל קנדה?,1964,he,36,51,55.0,0.9272727272727272,0,0.0,-0.8417959358937729,1.2188307044831643,-4.329001950301678,0.8456774948480353
加拿大国旗大辩论正式开始于哪一年？,1964 年,zh,36,21,36.0,0.5833333333333334,1,0.1111111111111111,-1.2723066795195,1.7807612064226912,-3.3343287146338167,1.1308823782371349
In welchem Jahr begann die Große Kanadische Flaggendiskussion offiziell?,1964,de,36,12,21.0,0.5714285714285714,1,0.14285714285714285,-1.335007381717979,-0.19025322691992683,-3.874555587360719,0.9181430024052416
¿En qué año comenzó oficialmente el Gran Debate sobre la Bandera Canadiense?,1964,es,36,34,36.0,0.9444444444444444,0,0.0,-1.094267123597105,0.7799097185510526,-2.0434100531033184,0.6773009605225686
द ग्रेट कनेडियन फ़्लैग डिबेट आधिकारिक तौर पर किस साल शुरू हुआ था?,1964,hi,36,43,66.0,0.6515151515151515,1,0.08333333333333333,-1.0480823722523382,3.1451927056702984,-3.370296293053719,1.2118006189996287
Pada tahun berapakah Debat Besar Bendera Kanada secara resmi dimulai?,1964,id,36,48,55.0,0.8727272727272727,0,0.0,-1.178687171254839,0.44695218933354297,-3.030388555923097,0.5828147975353347
"In quale anno iniziò ufficialmente il Great Flag Debate, il dibattito sulla bandiera canadese?",1964,it,36,38,55.0,0.6909090909090909,0,0.0,-1.3083109617543653,1.661800409561185,-5.996230069225933,1.3950231819158008
カナダ国旗論争が正式に始まったのは何年ですか？,1964年,ja,36,100,105.0,0.9523809523809523,0,0.0,-0.6498642802284361,2.646113608081823,-1.711101448632725,0.8298150041002382
캐나다 국기 논쟁이 공식적으로 시작된 해는 언제입니까?,1964년,ko,36,12,36.0,0.3333333333333333,0,0.0,-2.2527347815146763,2.891257527722075,-4.898064321153278,2.08171971505508
Em que ano começou oficialmente o Grande Debate da Bandeira Canadiana?,1964,pt,36,22,28.0,0.7857142857142857,0,0.0,-1.270065755938097,0.8027492166825818,-2.5641699261013153,0.8400389378212965
What month did the K-1: K’Festa 3 event take place in?,March,en,54,48,55.0,0.8727272727272727,0,0.0,-1.3750597916435414,0.6182877382480287,-2.7910600605240985,0.842247357456616
En quel mois a eu lieu l'événement K-1: K'Festa 3 ?,Mars,fr,54,41,45.0,0.9111111111111111,0,0.0,-1.2700179389807973,1.0252689133988817,-2.646182408545805,0.805433587140414
באיזה חודש התקיים אירוע K-1: K’Festa 3?,מרץ,he,54,28,36.0,0.7777777777777778,0,0.0,-1.5109785089290606,1.697342485712301,-4.901423326364415,1.458660268858423
K'Festa 3 赛事在几月份举行？,三月,zh,54,16,28.0,0.5714285714285714,0,0.0,-0.44792939636328616,4.142388580451592,-3.1725674358555302,1.9374298215983798
In welchem Monat fand die Veranstaltung K-1: K'Festa 3 statt?,März,de,54,32,36.0,0.8888888888888888,0,0.0,-0.9987838024769905,2.493249809253958,-2.4581060647957993,1.2865612024231525
¿En qué mes tuvo lugar el evento K-1: K'Festa 3?,Marzo,es,54,34,36.0,0.9444444444444444,0,0.0,-1.43750767813507,1.3755476403526379,-2.7344234464643375,0.9672035194270582
K-1: K’Festa 3 इवेंट किस महीने में हुआ था?,मार्च,hi,54,29,36.0,0.8055555555555556,0,0.0,-1.9935172697928925,1.383505463317526,-4.814714875896004,1.7789059509752039
Pada bulan apa acara K-1: K’Festa 3 diadakan?,Maret,id,54,39,45.0,0.8666666666666667,0,0.0,-1.5462012354754233,1.6681634358667294,-3.820451233308148,1.007262992391049
In quale mese si è svolto l'evento K-1: K'Festa 3?,Marzo,it,54,55,55.0,1.0,0,0.0,-0.9068771068848044,0.9715298382253369,-2.5469589273015583,0.6647698454420465
K’Festa 3のイベントは、何月に行われましたか？,3月,ja,54,85,91.0,0.9340659340659341,0,0.0,-0.7367644572410841,5.053453662745601,-2.6884746340385117,1.3333660949924206
K’Festa 3 이벤트는 몇 월에 열렸습니까?,3월,ko,54,14,28.0,0.5,1,0.125,-2.0853491712911683,0.924897331203866,-5.669339994335426,1.8417160368875274
Em que mês ocorreu o evento K-1: K'Festa 3?,Março,pt,54,28,28.0,1.0,0,0.0,-1.4975812411460283,1.1613494500788721,-3.2992988264159124,1.1017515114717527
What religious practice did the Magars follow?,Animism and shamanism,en,46,12,28.0,0.42857142857142855,2,0.25,-1.208841460908562,2.5240973902781114,-2.21758246369205,1.1840644447982607
Quelle pratique religieuse les Magars suivaient-ils ?,L'animisme et le chamanisme,fr,46,9,28.0,0.32142857142857145,2,0.25,-1.4475279132374368,0.7235574738272275,-2.8027638384413827,1.232458588732029
איזה מנהג דתי קיימו המגרים?,אנימיזם ושמאניזם,he,46,6,21.0,0.2857142857142857,2,0.2857142857142857,-2.985803003443397,-1.5695151380634214,-3.9611479026957404,0.9470960466776983
马加尔人信奉什么宗教？,万物有灵论和萨满教,zh,46,18,36.0,0.5,2,0.2222222222222222,-0.5438372604067453,4.614477844768886,-2.7807570404144584,1.780827355293534
Welche religiöse Praxis befolgten die Magars?,Animismus und Schamanismus,de,46,5,21.0,0.23809523809523808,3,0.42857142857142855,-1.591317076960711,0.6691763235205196,-2.6908350639293612,1.2983519850116347
¿Qué prácticas religiosas seguían los magares?,Animismo y chamanismo,es,46,3,15.0,0.2,2,0.3333333333333333,-1.3093600927834224,-0.580562600360528,-1.7111776201148114,0.5162425165894586
मेगर लोग किस धार्मिक रीति-रिवाज का पालन करते थे?,जीववाद और जादू-टोना,hi,46,53,78.0,0.6794871794871795,0,0.0,-0.6405624340654422,5.410218558541605,-2.7699522934607796,1.4716114861376066
Praktik keagamaan apa yang dianut oleh orang Magar?,Animisme dan perdukunan,id,46,23,36.0,0.6388888888888888,1,0.1111111111111111,-0.47018134647994264,3.9851405888008733,-2.2757167038486714,1.72145050657747
Quali pratiche religiose seguivano i Magar?,Animismo e sciamanesimo,it,46,5,21.0,0.23809523809523808,2,0.2857142857142857,-1.6102443922479388,-0.014968284528228498,-2.329907594668108,0.844940354631847
マガル族が従っていた宗教的実践は何でしたか？,アニミズムとシャーマン教,ja,46,109,136.0,0.8014705882352942,1,0.058823529411764705,-0.7134757415042934,4.386056790368446,-4.380853190146233,0.9751081680248707
마가르족이 따르던 종교적 관습은 무엇입니까?,애니미즘과 주술,ko,46,3,21.0,0.14285714285714285,4,0.5714285714285714,-2.865026075598143,-1.1448850072081607,-5.261537802679265,1.7473437957022517
Que prática religiosa seguiam os Magars?,Animismo e xamanismo,pt,46,2,15.0,0.13333333333333333,2,0.3333333333333333,-2.838723872702081,-2.683424638824141,-2.994023106580021,0.15529923387793998
"On which date was David Nail's album ""Fighter"" released?","July 15, 2016",en,32,54,55.0,0.9818181818181818,0,0.0,-1.1186475987689495,1.8838457577091292,-3.934887426172254,0.7519259812283631
"À quelle date l'album ""Fighter"" de David Nail est-il sorti ?",Le 15 juillet 2016,fr,32,73,78.0,0.9358974358974359,0,0.0,-0.7103449691690069,2.565261348954772,-2.422019413314904,0.7340320065133511
"באיזה תאריך יצא האלבום ""Fighter"" של דיוויד נייל?",15 ביולי 2016,he,32,45,55.0,0.8181818181818182,0,0.0,-0.8145013784869815,1.533966522266695,-4.922169802447865,1.0886509794388117
大卫·奈尔 (David Nail) 的专辑《战士》(Fighter) 是在哪一天发行的？,2016年7月15日,zh,32,112,153.0,0.7320261437908496,0,0.0,-0.3110446441345441,4.342474582876298,-2.7035865820913894,1.5603461178301996
An welchem ​​Datum wurde David Nails Album „Fighter“ veröffentlicht?,15. Juli 2016,de,32,53,55.0,0.9636363636363636,0,0.0,-1.4402514340758623,0.04604978338166613,-3.539444829162405,0.6951375445186317
"¿En qué fecha se lanzó el álbum ""Fighter"" de David Nail?",15 de julio de 2016,es,32,39,45.0,0.8666666666666667,0,0.0,-1.1047487990586746,1.6629085159001649,-2.9530819637016257,0.7835085236799344
"डेविड नेल का एल्बम ""फ़ाइटर"" किस तारीख को रिलीज़ हुआ था?","15 जुलाई, 2016",hi,32,65,78.0,0.8333333333333334,0,0.0,-0.7932445111710157,4.432799179332663,-4.368714669060983,1.2226766675095047
"Pada tanggal berapa album David Nail ""Fighter"" dirilis?",15 Juli 2016,id,32,47,55.0,0.8545454545454545,0,0.0,-1.7079578691385022,0.8909760976505154,-6.81608362112404,1.1142725533831093
"In che data è stato pubblicato l'album ""Fighter"" di David Nail?",15 luglio 2016,it,32,62,66.0,0.9393939393939394,0,0.0,-0.8340421025375159,1.1259208312837248,-2.456994111270519,0.6500560403962049
デヴィッド・ネイルのアルバム「ファイター」の発売日は？,2016年7月15日,ja,32,86,91.0,0.945054945054945,0,0.0,-0.5152776425944324,4.926847542935409,-2.612005157374431,1.3913647346421198
"데이비드 네일의 앨범 ""파이터""가 발매된 날짜는 언제인가요?",2016년 7월 15일,ko,32,45,78.0,0.5769230769230769,1,0.07692307692307693,-2.027310288834521,2.220478883832738,-4.380317485098108,1.4966144422957308
"Em que data foi lançado o álbum ""Fighter"" de David Nail?",15 de julho de 2016,pt,32,43,45.0,0.9555555555555556,0,0.0,-1.7677194696259657,1.0912063126306952,-5.063911014513484,0.9193831277650962
In which year did the Whitehaven School become the Whitehaven Academy?,2014,en,59,18,21.0,0.8571428571428571,0,0.0,-1.7854262878843024,-0.362073896703981,-3.2073762518494235,0.7103449792526519
En quelle année la Whitehaven School est-elle devenue la Whitehaven Academy ?,2014,fr,59,26,36.0,0.7222222222222222,1,0.1111111111111111,-1.1073015001817963,1.8696822639084543,-2.1381025985153554,0.7882332982463901
באיזו שנה בית הספר ווייטהייבן הפך לאקדמיית ווייטהייבן?,2014,he,59,15,28.0,0.5357142857142857,2,0.25,-1.6889451104031363,-0.31256898390437693,-3.4579626588326047,0.8122765574061711
白港学校 (Whitehaven School) 是在哪一年更名为白港学院 (Whitehaven Academy) 的？,2014 年,zh,59,57,91.0,0.6263736263736264,2,0.14285714285714285,-0.3515680949607995,9.276342919538179,-3.2059184826012905,1.8382225589671484
In welchem Jahr wurde die Whitehaven School zur Whitehaven Academy?,2014,de,59,16,21.0,0.7619047619047619,0,0.0,-1.5294274881399754,1.6540321627279195,-2.6539756691401526,0.9113231419021702
¿En qué año se convirtió la Escuela Whitehaven en la Academia Whitehaven?,2014,es,59,15,21.0,0.7142857142857143,0,0.0,-1.0179476973293176,0.7031768945402832,-2.1963712277808187,0.6329464819098776
व्हाइटहेवन स्कूल किस साल व्हाइटहेवन अकैडमी बन गया?,2014,hi,59,19,28.0,0.6785714285714286,1,0.125,-1.4380088363250292,-0.09677355037184901,-3.902257111026688,0.9589949713080328
Tahun berapa Whitehaven School menjadi Whitehaven Academy?,2014,id,59,15,21.0,0.7142857142857143,1,0.14285714285714285,-1.9584164061301985,-0.11086219256470746,-3.2425416662681257,0.6984828947508738
In che anno la Scuola di Whitehaven è diventata l'Accademia di Whitehaven?,2014,it,59,22,28.0,0.7857142857142857,0,0.0,-0.7174226682733822,0.7830297550321238,-1.4923713988780702,0.5020072749454014
ホワイトヘブン・スクールがホワイトヘブン・アカデミーになったのは何年ですか？,2014年,ja,59,117,120.0,0.975,0,0.0,-0.8884961161685299,3.8409592415678366,-2.4047943792716784,0.7537241451213924
화이트헤이븐 스쿨이 화이트헤이븐 아카데미가 된 해는 언제입니까?,2014년,ko,59,7,28.0,0.25,1,0.125,-1.8881713129666984,-0.019526816018126506,-3.5226642022132757,1.05514574528012
Em que ano a Escola Whitehaven se tornou a Academia Whitehaven?,2014,pt,59,15,21.0,0.7142857142857143,1,0.14285714285714285,-1.4744368218976995,-0.2810305872927631,-2.708899410294226,0.6402455681037122
What medal did Nguyễn Thị Mỹ Đức win in women's changquan at the 2002 Asian Games?,Bronze medal,en,50,65,120.0,0.5416666666666666,1,0.0625,-0.8315509990139333,9.142632729156738,-4.935590057078352,2.082918858247112
Quelle médaille Nguyễn Thị Mỹ Đức a-t-elle remportée en changquan féminin aux Jeux asiatiques de 2002 ?,Médaille de bronze,fr,50,55,120.0,0.4583333333333333,4,0.25,-0.7713133988491824,3.68263654056677,-2.6874307856008204,1.233237650873982
באיזו מדליה לנשים זכתה נגויין תי-מי-דוק במשחקי אסיה שנערכו בצ'אנגצ'ואן בשנת 2002?,מדליית ארד,he,50,93,153.0,0.6078431372549019,1,0.05555555555555555,-1.5008978354697238,3.006373699006232,-4.34222173089812,1.4698056948662581
阮氏美德 (Nguyễn Thị Mỹ Đức) 在 2002 年亚运会女子长拳项目中赢得了什么奖牌？,铜牌,zh,50,121,190.0,0.6368421052631579,0,0.0,-0.31567367994450823,8.624017520210616,-4.011655541503483,2.1142746840664475
Welche Medaille gewann Nguyễn Thị Mỹ Đức im Changquan der Frauen bei den Asienspielen 2002?,Bronzemedaille,de,50,29,91.0,0.31868131868131866,5,0.35714285714285715,-0.6595260372927786,3.8711011339397445,-2.43640675589548,1.4171602586959642
¿Qué medalla ganó Nguyễn Thị Mỹ Đức en changquan femenino en los Juegos Asiáticos del 2002?,Medalla de bronce,es,50,17,66.0,0.25757575757575757,5,0.4166666666666667,-1.7914535004017293,0.8233300167919059,-4.859974950109986,1.3416746157832553
नोयेन ती मे युंग ने 2002 के एशियाई खेलों में महिला चांगचेन (मार्शल आर्ट प्रतिस्पर्धा ) में कौनसा पदक जीता था?,कांस्य पदक,hi,50,96,153.0,0.6274509803921569,2,0.1111111111111111,0.01978773477925901,5.026088039199211,-3.0369489617232928,1.6058647403439568
Medali apa yang diraih Nguyễn Thị Mỹ Đức dalam nomor changquan putri di Asian Games 2002?,Medali perunggu,id,50,50,105.0,0.47619047619047616,3,0.2,-0.3999905215307609,4.481519463388842,-2.916479273769693,1.9956505866231002
Quale medaglia ha vinto Nguyễn Thị Mỹ Đức nel changquan femminile ai Giochi Asiatici del 2002?,Medaglia di bronzo,it,50,42,105.0,0.4,5,0.3333333333333333,-0.8263709292199672,3.3442053586701155,-2.141020105646444,1.0049897062748394
2002年アジア競技大会の女子長拳でグエン・ティ・ミー・ドゥックが獲得したメダルは何ですか？,銅メダル,ja,50,229,276.0,0.8297101449275363,0,0.0,-0.4260354943106904,5.179219884347609,-3.849844617623909,1.3205973177889974
2002년 아시안 게임 여자 창권에서 응우옌 티 미 두크는 어떤 메달을 획득했나요?,동메달,ko,50,37,91.0,0.4065934065934066,3,0.21428571428571427,-1.2848098719089778,4.469477769443494,-5.6855688704805845,2.297662529850478
Qual medalha Nguyễn Thị Mỹ Đức ganhou em changquan feminino nos Jogos Asiáticos de 2002?,Medalha de bronze,pt,50,26,78.0,0.3333333333333333,4,0.3076923076923077,-1.3443732902793153,3.535603197466028,-3.522002410951302,1.5497323121390898
What does the lowest part of the Espiritu Santo Formation consist of?,"Siltstone, sandstone, and shale",en,57,30,55.0,0.5454545454545454,0,0.0,-0.9749355747845284,6.5182055269704735,-3.9683690747454463,2.6537709970640737
De quoi est constituée la partie la plus basse de la formation d'Espiritu Santo ?,"Siltstone, grès et schiste",fr,57,48,78.0,0.6153846153846154,1,0.07692307692307693,-0.7539713643836334,8.099344152841923,-2.643653356155497,1.421351722795727
ממה מורכב החלק התחתון של תצורת אספיריטו סנטו?,"אבן בוץ, אבן חול ופצלים",he,57,37,66.0,0.5606060606060606,1,0.08333333333333333,-0.3259965269250773,2.2735570902564546,-1.4134210280627624,0.9621055010563377
圣灵组 (Espiritu Santo Formation) 最下部由什么组成？,粉砂岩、砂岩和页岩,zh,57,38,91.0,0.4175824175824176,2,0.14285714285714285,-1.3381210039707145,1.198445538253099,-3.332665560567261,0.989990419582752
Was ist der unterste Teil der Espiritu-Santo-Formation?,"Siltstein, Sandstein und Schiefer",de,57,20,45.0,0.4444444444444444,1,0.1,-0.6602681869441056,7.158698919052616,-2.2912089057016156,2.2402235803187724
¿De qué está compuesta la parte más inferior de la Formación Espíritu Santo?,"Limolita, arenisca y esquisto",es,57,38,55.0,0.6909090909090909,1,0.09090909090909091,-0.8122090731401419,5.76856241145818,-3.2104081306733065,1.4483509314125698
एस्पिरिटु सैंटो फ़ॉर्मेशन का सबसे निचला हिस्सा किससे बना है?,"गाद, बलुआ पत्थर और शेल",hi,57,47,91.0,0.5164835164835165,2,0.14285714285714285,-0.5355294049950133,4.659273938662562,-4.137418512553223,1.1742061329696405
Bagian paling bawah dari Formasi Espiritu Santo terdiri dari apa?,"Batulumpur, batupasir, dan serpih",id,57,28,55.0,0.509090909090909,2,0.18181818181818182,-1.3541005385460854,1.792205165818494,-3.104740623338947,1.1399196718087596
Di cosa è costituita la parte più inferiore della Formazione Espiritu Santo?,"Siltite, arenaria e scisto",it,57,38,66.0,0.5757575757575758,0,0.0,-0.4255994108204455,8.584959623624663,-1.7495935610335092,1.8119321939692392
エスピリトゥ・サント累層の最下部は何で構成されていますか？,シルト岩、砂岩、頁岩,ja,57,147,210.0,0.7,2,0.09523809523809523,-0.7368371438715223,5.4809316537564525,-3.1771424643774973,1.0512133398431813
에스피리투 산토 구조의 가장 아래쪽 부분은 무엇으로 구성되어 있습니까?,"실트암, 사암, 셰일",ko,57,18,66.0,0.2727272727272727,2,0.16666666666666666,-0.9129217284404558,1.4944744453648315,-2.661929613330016,1.1694596879949903
Do que consiste a parte inferior da Formação Espiritu Santo?,"Siltito, arenito e xisto",pt,57,19,36.0,0.5277777777777778,1,0.1111111111111111,-1.6417511424979054,2.122620241764217,-3.5763395684302584,1.5028368179639684
Which data protection regulation in Brazil requires subject access requests to be fulfilled within a specific time frame?,General Data Protection Law (LGPD),en,62,118,136.0,0.8676470588235294,1,0.058823529411764705,-1.1840004388999406,0.7622559829345449,-3.3003869874117893,0.7490511358245505
Quelle réglementation brésilienne sur la protection des données exige que les demandes d'accès des personnes concernées soient satisfaites dans un délai précis ?,Loi générale sur la protection des données (LGPD),fr,62,158,190.0,0.8315789473684211,1,0.05,-0.2697611809444589,3.4565187835540616,-2.8558615258729083,0.7723830045316865
איזה חוק הגנת נתונים בברזיל מחייב לעמוד בבקשות גישה של אדם לנתונים שמתייחסים אליו בתוך מסגרת זמן ספציפית?,חוק הגנת הנתונים הכללי (LGPD),he,62,168,210.0,0.8,1,0.047619047619047616,-0.6126212695335137,2.572769144718424,-3.082494052970759,0.8351077375260522
巴西哪项数据保护法规要求在特定时间范围内完成主体访问请求？,《通用数据保护法》(LGPD),zh,62,100,136.0,0.7352941176470589,1,0.058823529411764705,-0.8852434439138392,4.282365577220639,-3.101355850845649,0.9493784638422553
"Welche Datenschutzverordnung in Brasilien verlangt, dass Auskunftsersuchen der betroffenen Person innerhalb eines bestimmten Zeitrahmens erfüllt werden?",Allgemeines Datenschutzgesetz (LGPD),de,62,80,136.0,0.5882352941176471,1,0.058823529411764705,-0.6877939182632449,3.0553227328061743,-4.315883710629855,1.0566941238137462
¿Qué normativa de protección de datos de Brasil exige que las solicitudes de acceso de los interesados se cumplan en un plazo de tiempo específico?,Ley General de Protección de Datos (LGPD),es,62,106,120.0,0.8833333333333333,0,0.0,-0.4982591956055619,2.561627657781735,-1.7773712932772225,0.8364324918859507
"ब्राज़ील में डेटा सुरक्षा से जुड़े किस कानून के तहत, डेटा से जुड़ी जानकारी के अनुरोधों को एक तय समय में पूरा करना ज़रूरी है?",जनरल डेटा प्रोटेक्शन लॉ (LGPD),hi,62,236,276.0,0.855072463768116,1,0.041666666666666664,-0.34479699183745316,2.369102807584884,-3.098073554459429,0.7392725125096766
Peraturan perlindungan data mana di Brasil yang mewajibkan permintaan akses subjek dipenuhi dalam jangka waktu tertentu?,Undang-Undang Perlindungan Data Umum (LGPD),id,62,102,120.0,0.85,1,0.0625,-1.2583481711987143,1.0692322283489402,-3.6524721721292908,0.9488799726343908
Quale normativa brasiliana sulla protezione dei dati impone che le richieste di accesso dell'interessato vengano soddisfatte entro un periodo di tempo specifico?,Legge generale sulla protezione dei dati (LGPD),it,62,160,190.0,0.8421052631578947,1,0.05,-0.6344816130392962,2.3502317218488873,-2.4702845568595895,0.6480128972666692
ブラジルのどのデータ保護規制が、主体アクセス要求を特定の期間内に満たすことを義務付けていますか？,一般データ保護法（LGPD）,ja,62,273,300.0,0.91,1,0.04,-0.2894500070571635,3.5246158422481786,-2.74903001697315,0.9647086630275284
브라질의 어떤 데이터 보호 규정에서 주체 접근 요청을 특정 기한 내에 충족하도록 요구합니까?,일반 데이터 보호법(LGPD),ko,62,49,120.0,0.4083333333333333,3,0.1875,-1.6217479911587724,2.1291262291297115,-4.5495546828170985,1.30249877212428
Qual regulamentação de proteção de dados no Brasil exige que as solicitações de acesso do titular sejam resolvidas dentro de um prazo específico?,Lei Geral de Proteção de Dados (LGPD),pt,62,126,136.0,0.9264705882352942,0,0.0,-0.5760435092606144,3.032455948199678,-1.919280812073091,0.8168277351764698
When was the Uniform Residential Landlord and Tenant Act created?,1972,en,38,24,28.0,0.8571428571428571,0,0.0,-1.750857256286274,2.9408495559513317,-2.733766418670393,1.1882606803934574
"Quand la loi ""Uniform Residential Landlord and Tenant Act"" a-t-elle été créée ?",1972,fr,38,68,91.0,0.7472527472527473,0,0.0,-1.227236438858058,4.747611509846066,-3.64658946514077,1.3361523979150334
מתי נוצר החוק האחיד לשכירות ולהשכרה למגורים?,1972,he,38,16,28.0,0.5714285714285714,0,0.0,-2.5463046771197373,-0.38309212846059104,-3.870782758808711,1.1316614717914126
美国《统一住宅租赁法》是什么时候制定的？,1972 年,zh,38,61,66.0,0.9242424242424242,0,0.0,-0.9932151708490817,1.203391260786652,-2.358316613929135,0.7115757002566189
Wann wurde der Uniform Residential Landlord and Tenant Act ausgearbeitet?,1972,de,38,20,45.0,0.4444444444444444,0,0.0,-1.6320276231502313,1.7729736196737096,-4.563208957248922,1.531637969488854
¿Cuándo se creó la Ley Uniforme Residencial de Arrendadores e Inquilinos?,1972,es,38,31,45.0,0.6888888888888889,0,0.0,-0.5034588720693449,5.38636162185761,-2.5165226891408627,1.5461120529941128
यूनिफ़ॉर्म रेज़िडेंशियल लैंडलॉर्ड ऐंड टेनेंट ऐक्ट कब लाया गया था?,1972,hi,38,11,45.0,0.24444444444444444,3,0.3,-0.8553081363936457,3.0389331362835206,-2.583248571758648,1.3543384418964883
Kapan Uniform Residential Landlord and Tenant Act dibuat?,1972,id,38,18,36.0,0.5,0,0.0,-0.8612757562684094,5.804233240708614,-3.7894405661456094,2.1906439686941743
Quando è stato creato l'Uniform Residential Landlord and Tenant Act?,1972,it,38,38,66.0,0.5757575757575758,1,0.08333333333333333,-1.1031432536040342,2.299740090348134,-3.2389881139483485,1.0903945349808042
統一住宅用賃貸人と借主法はいつ制定されましたか？,1972年,ja,38,126,136.0,0.9264705882352942,0,0.0,-0.5671733670909276,6.53970157356443,-3.302123583981552,1.006801331409855
균일 주거용 임대인 및 임차인 법은 언제 제정되었습니까?,1972년,ko,38,14,45.0,0.3111111111111111,1,0.1,0.21122929008068528,5.877738550648436,-2.188010643985692,2.460933549838749
Quando foi criada a Lei Uniforme de Locação Residencial (Uniform Residential Landlord and Tenant Act)?,1972,pt,38,52,91.0,0.5714285714285714,0,0.0,-1.5420484780757984,3.2980337067266743,-5.216113808213808,1.6865939199985382
In what city did the 1984 Summer Olympics men's 100 metre butterfly final take place?,Los Angeles,en,58,113,120.0,0.9416666666666667,0,0.0,-1.2697942811691039,3.5669586442134236,-2.8546978479407152,0.8679786004507034
Dans quelle ville la finale du 100 mètres papillon masculin aux Jeux olympiques d'été de 1984 a-t-elle eu lieu ?,Los Angeles,fr,58,168,171.0,0.9824561403508771,0,0.0,-0.7846505382770569,5.295714078215563,-2.5704190088240706,0.8786966801243359
באיזו עיר התקיים הגמר של מקצה פרפר 100 מטר לגברים באולימפיאדת הקיץ 1984?,לוס אנג'לס,he,58,107,120.0,0.8916666666666667,0,0.0,-0.33994388738513553,4.908337384480367,-4.6684480140338,1.5288541551722619
1984 年夏季奥运会男子 100 米蝶泳决赛在哪个城市举行？,洛杉矶,zh,58,83,91.0,0.9120879120879121,0,0.0,-0.7158499035914622,4.637574959079636,-4.613014161255477,1.3501926525211703
In welcher Stadt fand das Finale des 100-Meter-Schmetterlingsschwimmens der Männer bei den Olympischen Sommerspielen 1984 statt?,Los Angeles,de,58,112,136.0,0.8235294117647058,1,0.058823529411764705,-0.6605885316375517,5.922691205199702,-3.0456530740585177,1.1791693048904686
¿En qué ciudad tuvo lugar la final de 100 metros mariposa masculina de los Juegos Olímpicos de Verano de 1984?,Los Ángeles,es,58,74,78.0,0.9487179487179487,0,0.0,-1.7368257755234908,0.5007918697515392,-3.559153055897578,0.8497063001572491
साल 1984 के समर ओलंपिक में पुरुषों की 100 मीटर बटरफ़्लाई प्रतियोगिता का फ़ाइनल किस शहर में हुआ था?,लॉस एंजिल्स,hi,58,116,153.0,0.7581699346405228,1,0.05555555555555555,-0.39489757002283077,6.806259456408859,-3.5223515494217743,1.3222593114122567
Di kota manakah final nomor gaya kupu-kupu 100 meter putra Olimpiade Musim Panas 1984 diselenggarakan?,Los Angeles,id,58,109,120.0,0.9083333333333333,0,0.0,-1.989201368819453,3.2449902873975627,-5.465360732473745,1.3251851915354271
In quale città si è svolta la finale dei 100 metri farfalla maschili alle Olimpiadi estive del 1984?,Los Angeles,it,58,113,120.0,0.9416666666666667,0,0.0,-0.5399277293990473,5.025827842259281,-2.4629638193491283,1.0263811855863307
1984年夏季オリンピック男子100メートルバタフライ決勝はどこで開催されましたか？,ロサンゼルス,ja,58,163,171.0,0.9532163742690059,0,0.0,-0.301795702085764,6.229745335647078,-2.2159021506158223,1.1819019621642262
1984년 하계 올림픽 남자 100m 접영 결승전은 어느 도시에서 열렸습니까?,로스앤젤레스,ko,58,28,66.0,0.42424242424242425,1,0.08333333333333333,-1.70077763977858,5.219249633420923,-4.673600225524734,2.016461167639393
Em que cidade decorreu a final masculina de 100 metros mariposa nos Jogos Olímpicos de Verão de 1984?,Los Angeles,pt,58,80,91.0,0.8791208791208791,0,0.0,-1.6123625630590468,1.9268499366931806,-3.6204331524368896,1.1218158886572283
In which year was the Toronto edition of Ming Pao Daily News launched?,1993,en,66,29,36.0,0.8055555555555556,0,0.0,-2.177398873320516,1.9016307632713252,-3.8879578649158253,1.279924548195224
En quelle année l'édition torontoise du Ming Pao Daily News a-t-elle été lancée ?,1993,fr,66,67,91.0,0.7362637362637363,0,0.0,-1.126211705684249,2.180546001287485,-3.218861740009949,0.890509638253362
באיזו שנה שודרה לראשונה מהדורת טורונטו של Ming Pao Daily News?,בשנת 1993,he,66,51,78.0,0.6538461538461539,0,0.0,-0.1993878861108191,3.9663024777479747,-2.05350270047926,1.3038278506793928
多伦多版《明报》是在哪一年创办的？,1993年,zh,66,37,45.0,0.8222222222222222,0,0.0,-0.9978967497731983,1.5599824131439963,-3.085807936976796,0.9619654056883024
In welchem Jahr wurde die Toronto-Ausgabe der Ming Pao Daily News ins Leben gerufen?,1993,de,66,43,66.0,0.6515151515151515,0,0.0,-1.65267399811165,1.230381808730734,-4.475292835488071,1.044203087134083
¿En qué año se lanzó la edición de Toronto de Ming Pao Daily News?,1993,es,66,34,45.0,0.7555555555555555,0,0.0,-0.2715958881587123,4.05739757257118,-1.9559527829092243,1.3669856521548327
टोरंटो में मिंग पाओ डेली न्यूज़ किस साल लॉन्च किया गया था?,1993,hi,66,41,55.0,0.7454545454545455,0,0.0,-1.1553568187709755,4.714030819054786,-4.400375990755235,1.438976224873775
Tahun berapakah Ming Pao Daily News edisi Toronto diluncurkan?,1993,id,66,26,45.0,0.5777777777777777,0,0.0,-1.500581768700165,2.703871755028461,-5.313278358934237,1.5408689293839524
In quale anno è stata lanciata l'edizione di Toronto del Ming Pao Daily News?,1993,it,66,54,66.0,0.8181818181818182,0,0.0,-0.6106384894595396,5.639586716107681,-3.3442607433712035,1.1747009349706312
明報のトロント版が創刊されたのは何年ですか？,1993年,ja,66,95,105.0,0.9047619047619048,0,0.0,-0.7077266838684477,2.0046970903034143,-1.6166463987066146,0.5999486617466392
토론토 판 명보일보가 창간된 년도는 언제입니까?,1993년,ko,66,2,28.0,0.07142857142857142,3,0.375,-1.3855649142814306,1.232004318181822,-4.003134146744683,2.6175692324632527
Em que ano foi lançada a edição de Toronto do Ming Pao Daily News?,1993,pt,66,32,45.0,0.7111111111111111,0,0.0,-1.4953892025381985,1.6950059476087393,-2.864281452045095,0.9015420942733008
In which decade did Harry F. Sinclair purchase Rancocas Stable?,1910s,en,64,19,36.0,0.5277777777777778,0,0.0,-2.466549154834331,3.781672439922076,-4.5442442979548465,1.8573444074316927
Au cours de quelle décennie Harry F. Sinclair a-t-il acheté l'écurie Rancocas ?,Années 1910,fr,64,67,91.0,0.7362637362637363,1,0.07142857142857142,-0.8222267781899554,1.3343656332346572,-2.31079702613637,0.9207523082638734
באיזה עשור רכש הארי פ' סינקלייר את אורוות רנקוקאס?,שנות ה-1910,he,64,22,45.0,0.4888888888888889,1,0.1,-0.6056855179357873,1.3588834750862755,-1.7029456568470671,0.7929102040914561
哈里·F·辛克莱 (Harry F. Sinclair) 是在哪个年代收购兰可卡斯马场 (Rancocas Stable) 的？,1910 年代,zh,64,47,136.0,0.34558823529411764,3,0.17647058823529413,-0.39803251226351916,7.202755310362437,-2.1544295271072036,1.7482048284013256
In welchem Jahrzehnt kaufte Harry F. Sinclair den Rancocas-Stall?,1910er Jahre,de,64,21,45.0,0.4666666666666667,1,0.1,-1.075074644899235,0.8391190903194613,-2.348338730854492,0.8648060381768847
¿En qué década compró Harry F. Sinclair el establo Rancocas?,1910s,es,64,6,28.0,0.21428571428571427,2,0.25,-2.9624542789743913,-1.2312198098293252,-4.752075711927371,1.2793047182128428
हैरी एफ़ सिनक्लेयर ने रैंकोकस स्टेबल (अस्तबल) किस दशक में खरीदा था?,1910 का दशक,hi,64,24,66.0,0.36363636363636365,2,0.16666666666666666,-1.063414501486597,1.0450317767903987,-3.103151589295491,0.8281483208038988
Pada dekade berapa Harry F. Sinclair membeli Rancocas Stable?,Tahun 1910-an,id,64,38,66.0,0.5757575757575758,1,0.08333333333333333,-1.4057103931639967,0.9659686986301811,-3.2490841450104044,0.9354144308736063
In quale decennio Harry F. Sinclair acquistò la Rancocas Stable?,Anni 1910,it,64,10,36.0,0.2777777777777778,1,0.1111111111111111,-2.0997066862012015,-0.7055091418919923,-3.456020299186029,0.9160665163130459
ハリー・F・シンクレアは、何年代にランコカスステーブルを購入しましたか？,1910年代,ja,64,108,136.0,0.7941176470588235,1,0.058823529411764705,-0.9171210801053321,7.090504680095543,-3.205690639171449,0.9927851606955419
해리 F. 싱클레어가 랭코카스 마구간을 구매한 것은 몇 년대였습니까?,1910년대,ko,64,15,55.0,0.2727272727272727,3,0.2727272727272727,-0.15492617962185704,5.1496402362053875,-2.594618998938769,2.622548411698972
Em qual década Harry F. Sinclair comprou o Estábulo Rancocas?,Década de 1910,pt,64,11,28.0,0.39285714285714285,1,0.125,-2.852883672649263,0.6142249259811854,-5.0799277667113545,1.5735384321415027
Who was the first female mayor in Turkey?,Müfide İlhan,en,37,15,28.0,0.5357142857142857,2,0.25,-1.3265999550830074,0.10506948610754394,-3.377365424298902,0.9073956768659861
Qui était la première femme maire en Turquie ?,Müfide İlhan,fr,37,24,36.0,0.6666666666666666,1,0.1111111111111111,-1.3256194243040251,3.131305532691976,-2.858714569967134,1.3711983782071824
מי הייתה ראשת העיר הראשונה בטורקיה?,מופידה אילהן,he,37,17,28.0,0.6071428571428571,1,0.125,-1.3898388489057136,0.3066836620159967,-2.5546144255045404,0.9527549986918783
谁是土耳其第一位女市长？,穆菲德·伊尔汗,zh,37,14,28.0,0.5,2,0.25,-1.6296136438158715,-0.8758037085762974,-3.265367782036154,0.5993960995548043
Wer war die erste Bürgermeisterin in der Türkei?,Müfide İlhan,de,37,15,28.0,0.5357142857142857,1,0.125,-1.9816688182700324,0.4432089086455237,-5.332377298139661,1.3612804380018686
¿Quién fue la primera alcaldesa de Turquía?,Müfide İlhan,es,37,14,28.0,0.5,2,0.25,-2.0536845406691753,-0.6317070278987691,-3.69903613321597,0.9999545968420295
तुर्किये की पहली महिला मेयर कौन थीं?,मुफिदे इल्हान,hi,37,15,36.0,0.4166666666666667,3,0.3333333333333333,-0.7584484564068449,0.18613994250091398,-1.8060644484293642,0.655232410758025
Siapa nama walikota perempuan pertama di Turkiye?,Müfide İlhan,id,37,15,36.0,0.4166666666666667,2,0.2222222222222222,-2.5241926235280845,-1.0594888710750405,-3.783543725860002,0.7201087460751066
Chi è stata la prima donna sindaco in Turchia?,Müfide İlhan,it,37,21,36.0,0.5833333333333334,2,0.2222222222222222,-1.4478120997354023,-0.6316244631212363,-3.4812222258808037,0.8164214175134052
トルコで初の女性市長は誰ですか？,ミュフィデ・イルハン,ja,37,59,78.0,0.7564102564102564,1,0.07692307692307693,-0.8267438216729582,5.837012146010472,-2.022380022721758,0.9958245499088318
튀르키예 최초 여성 시장은 누구였습니까?,뮈피데 일한,ko,37,7,21.0,0.3333333333333333,2,0.2857142857142857,-2.5376540615418586,1.5051014624059642,-5.939309828949521,2.107055798717053
Quem foi a primeira Presidente de Câmara na Turquia?,Müfide İlhan,pt,37,28,45.0,0.6222222222222222,2,0.2,-1.3425618916537732,0.8071796199777537,-3.700344322802144,0.8541156808959787
What was the name of the protagonist in the Prizzi novels?,Charlie Partanna,en,48,8,21.0,0.38095238095238093,2,0.2857142857142857,-1.5958885031439594,2.1256675453163973,-2.927330244946644,1.5424957443499614
Quel était le nom du protagoniste dans les romans des Prizzi ?,Charlie Partanna,fr,48,8,21.0,0.38095238095238093,2,0.2857142857142857,-2.0839268967781983,-0.9054622004879035,-2.8310649221996873,0.5710158143575943
איך נקרא הפרוטגוניסט ברומנים של פריצי?,צ'רלי פרטנה,he,48,11,28.0,0.39285714285714285,1,0.125,-1.4591202722960157,-0.7758462070763104,-2.3514447929355224,0.5755306197490824
普里兹 (Prizzi) 系列小说中的主角叫什么名字？,查理·帕坦纳,zh,48,31,66.0,0.4696969696969697,2,0.16666666666666666,-0.3198393283519333,4.646767680261337,-1.6577258599580127,1.5028404182201645
Wie hieß der Protagonist in den Prizzi-Romanen?,Charlie Partanna,de,48,10,28.0,0.35714285714285715,2,0.25,-0.6837588592593818,0.6866564667741762,-1.289878456925361,0.529088296241068
¿Cuál era el nombre del protagonista de las novelas de los Prizzi?,Charlie Partanna,es,48,15,28.0,0.5357142857142857,2,0.25,-1.6236591113216519,0.1680138839123666,-2.4648195970458784,0.682919052566257
प्रिज़ी उपन्यासों में मुख्य किरदार का क्या नाम था?,चार्ली पार्टाना,hi,48,19,36.0,0.5277777777777778,2,0.2222222222222222,-1.0694779806121826,0.6244805142434313,-2.0232382538036235,0.6053967167695552
Siapa nama protagonis dalam novel Prizzi?,Charlie Partanna,id,48,15,28.0,0.5357142857142857,2,0.25,-0.7387556085503807,4.076664610479539,-1.9992724035123581,1.549653750189341
Qual era il nome del protagonista dei romanzi dei Prizzi?,Charlie Partanna,it,48,25,36.0,0.6944444444444444,0,0.0,-1.0733832881773564,0.6213111533904666,-2.119525857575635,0.6946180449762867
プリッツィ家小説の主人公の名前は？,チャーリー・パルタナ,ja,48,28,45.0,0.6222222222222222,2,0.2,-0.5011429739853543,2.841552112575352,-2.0906930331909646,1.1785654090473998
프리치 소설의 주인공 이름은 무엇입니까?,찰리 파르타나,ko,48,5,21.0,0.23809523809523808,2,0.2857142857142857,-2.5916060568868464,-1.5935123500202524,-3.540619403247201,0.7608571054541725
Qual era o nome do protagonista dos romances Prizzi?,Charlie Partanna,pt,48,10,21.0,0.47619047619047616,2,0.2857142857142857,-1.327974545905637,0.8535788742734843,-2.9043999019580355,1.158190098014557
Who contributed to the album Keys to the Kingdom by North Mississippi Allstars?,"Mavis Staples, Alvin Youngblood Hart, Spooner Oldham, Gordie Johnson, Ry Cooder, Jim Spake and Jack Ashford",en,40,113,276.0,0.40942028985507245,0,0.0,-0.9896236498658282,7.4517592072332075,-3.988817130039863,1.6784903915609946
"Qui a contribué à l'album ""Keys to the Kingdom"" de North Mississippi Allstars ?","Mavis Staples, Alvin Youngblood Hart, Spooner Oldham, Gordie Johnson, Ry Cooder, Jim Spake et Jack Ashford",fr,40,133,351.0,0.3789173789173789,1,0.037037037037037035,0.031046055256682945,9.492535903676059,-3.921697785196198,1.85448913238437
מי תרם לאלבום ‏Keys to the Kingdom של North Mississippi Allstars?,"מייביס סטייפלס, אלווין יאנגבלוד הארט, ספונר אולדהם, גורדי ג'ונסון, ריי קודר, ג'ים ספייק וג'ק אשפורד",he,40,101,325.0,0.31076923076923074,3,0.11538461538461539,-0.2856428708487024,5.649596425980168,-5.486668425843096,1.9099955497871333
谁参与制作了北密西西比全明星乐队的专辑《通往王国之匙》(Keys to the Kingdom)？,Mavis Staples、Alvin Youngblood Hart、Spooner Oldham、Gordie Johnson、Ry Cooder、Jim Spake 和 Jack Ashford,zh,40,129,528.0,0.24431818181818182,6,0.18181818181818182,0.35191736989169115,9.663460486933154,-3.655298473221001,3.0269486907144203
Wer wirkte an dem Album Keys to the Kingdom von North Mississippi Allstars mit?,"Mavis Staples, Alvin Youngblood Hart, Spooner Oldham, Gordie Johnson, Ry Cooder, Jim Spake und Jack Ashford",de,40,173,406.0,0.42610837438423643,1,0.034482758620689655,-0.32671141997404596,9.375785684570902,-2.8506578861680376,1.5707514443723218
"¿Quiénes colaboraron en el álbum ""Keys to the Kingdom"" de North Mississippi Allstars?","Mavis Staples, Alvin Youngblood Hart, Spooner Oldham, Gordie Johnson, Ry Cooder, Jim Spake y Jack Ashford",es,40,67,300.0,0.22333333333333333,3,0.12,-1.0481880483262953,7.509915299663192,-4.045191431381028,2.185608257008958
"नॉर्थ मिसिसिपी ऑलस्टार्स के एल्बम ""कीज़ टू द किंगडम"" के लिए किन लोगों ने सहयोग किया?","मेविस स्टेपल्स, एल्विन यंगब्लड हार्ट, स्पूनर ओल्डहैम, गॉर्डी जॉनसन, राई कूडर, जिम स्पेक और जैक एशफ़ोर्ड",hi,40,119,406.0,0.29310344827586204,8,0.27586206896551724,-0.3735465049724386,2.7575817729654193,-2.5660374706036246,0.9243728024943286
Siapa yang berkontribusi dalam album Keys to the Kingdom oleh North Mississippi Allstars?,"Mavis Staples, Alvin Youngblood Hart, Spooner Oldham, Gordie Johnson, Ry Cooder, Jim Spake, dan Jack Ashford",id,40,102,351.0,0.2905982905982906,3,0.1111111111111111,-1.2056855467400216,3.028856394974836,-3.1920013855830347,1.1473168392488893
Chi ha contribuito all'album  Keys to the Kingdom dei North Mississippi Allstars?,"Mavis Staples, Alvin Youngblood Hart, Spooner Oldham, Gordie Johnson, Ry Cooder, Jim Spake e Jack Ashford",it,40,146,378.0,0.3862433862433862,2,0.07142857142857142,-0.6632793435005738,9.60878604424489,-5.9423389287624255,1.8795726306868892
ノース・ミシシッピ・オールスターズのアルバム「キーズ・トゥ・ザ・キングダム」に誰が参加しましたか？,メイヴィス・ステイプルズ、アルヴィン・ヤングブラッド・ハート、スプーナー・オールダム、ゴーディ・ジョンソン、ライ・クーダー、ジム・スペイク、ジャック・アシュフォード,ja,40,344,595.0,0.5781512605042017,1,0.02857142857142857,-0.2056173125781294,13.18251877469707,-5.031534868589743,1.6219059055842873
"노스 미시시피 올스타의 앨범 ""키즈 투더 킹덤""에 기여한 사람은 누구인가요?","메이비스 스테이플즈, 앨빈 영블러드 하트, 스푸너 올드햄, 고디 존슨, 라이 쿠더, 짐 스페이크, 잭 애시포드",ko,40,24,300.0,0.08,10,0.4,-2.668471367537135,5.723440767278004,-6.678085849933453,2.8425556875974674
Quem contribuiu para o álbum Keys to the Kingdom dos North Mississippi Allstars?,"Mavis Staples, Alvin Youngblood Hart, Spooner Oldham, Gordie Johnson, Ry Cooder, Jim Spake e Jack Ashford",pt,40,97,325.0,0.29846153846153844,4,0.15384615384615385,-0.40250504196489956,7.6395450187794305,-4.680518840316726,1.8207612621953602
What was the specific purpose of a bulk material analyzer located just upstream of the raw mill in cement production?,To monitor raw mix chemistry and adjust the proportions of materials used,en,44,171,190.0,0.9,0,0.0,-1.3969690795130019,1.7905646981618693,-4.465194901185158,0.9303271832839537
Quel était l'objectif spécifique d'un analyseur de matériaux en vrac situé juste en amont du broyeur à cru dans la production de ciment ?,Surveiller la composition chimique du mélange brut et ajuster les proportions des matériaux utilisés,fr,44,218,253.0,0.8616600790513834,0,0.0,-0.4062606213700178,3.5246163929561423,-5.070018017431683,1.212768529133447
מה הייתה המטרה הספציפית של מנתח חומרי גלם שהותקן בכיוון הזרימה של מתקן העיבוד בתהליך ייצור המלט?,לנטר את הכימיה של התערובת הגולמית ולהתאים את הפרופורציות של החומרים המשמשים,he,44,210,300.0,0.7,0,0.0,-0.07818952620759619,4.03565122279524,-2.6459849355849725,1.231576790724166
散装物料分析仪安装在水泥生产中生料磨机上游的具体目的是什么？,监测生料化学成分并调整所用物料的配比,zh,44,178,231.0,0.7705627705627706,0,0.0,-0.2962336229475671,5.3060411329237365,-2.632875850997061,1.3513477209348959
"Was war der spezifische Zweck eines Schüttgutanalysators, der unmittelbar vor der Rohmühle in der Zementproduktion platziert war?",Die chemische Zusammensetzung des Rohmehls zu überwachen und die Anteile der verwendeten Materialien anzupassen.,de,44,107,190.0,0.5631578947368421,3,0.15,-0.5893280159241928,3.5092131059679184,-2.401153658544051,0.9455428097200901
¿Cuál era el propósito específico de un analizador de material a granel ubicado justo antes del molino de crudo en la producción de cemento?,Monitorear la química de la mezcla cruda y ajustar las proporciones de los materiales utilizados.,es,44,207,253.0,0.8181818181818182,0,0.0,-0.45126057195375036,2.716029088087753,-3.265262022321825,1.1335631949125793
सीमेंट बनाने के दौरान कच्चा माल मिलाने वाली मशीन के ठीक ऊपर बल्क मटेरियल एनालाइज़र क्यों रखा जाता है?,कच्चे मिश्रण के रसायन विज्ञान की निगरानी करना और उपयोग की जाने वाली सामग्रियों के अनुपात को समायोजित करना,hi,44,419,465.0,0.9010752688172043,0,0.0,-0.139841998845535,4.40921247017528,-2.5493000019903875,0.9336302370469748
Apa tujuan khusus dari penganalisis material curah yang terletak tepat di hulu penggilingan bahan baku dalam produksi semen?,Untuk memantau kimia campuran bahan baku dan menyesuaikan proporsi bahan yang digunakan,id,44,208,231.0,0.9004329004329005,0,0.0,-0.8125870964380136,2.687909117474506,-3.846593362126573,0.9353771407599599
Qual era lo scopo specifico di un analizzatore di materiale sfuso posizionato appena a monte del mulino per materie prime nella produzione del cemento?,Monitorare la composizione chimica della miscela grezza e regolare le proporzioni dei materiali utilizzati,it,44,342,406.0,0.8423645320197044,0,0.0,-0.2714186441774731,3.914883424362829,-4.037104445189059,0.976208258144979
セメント製造において、原料粉砕機の上流に設置されたバルク材料分析装置の具体的な目的は？,原料配合の化学組成を監視し、使用される材料の配合比率を調整すること,ja,44,497,528.0,0.9412878787878788,0,0.0,-0.14843973744212174,4.176205144643327,-3.9073728714205203,1.001726699303153
시멘트 생산에서 원재료 분쇄기 바로 상류에 위치한 벌크 재료 분석기의 구체적인 목적은 무엇입니까?,원재료 화학 조성을 모니터링하고 사용된 재료의 비율을 조정하기 위함입니다.,ko,44,86,210.0,0.4095238095238095,0,0.0,-1.375808466730026,3.2000268600573563,-5.236012477902405,1.7822823251284483
Qual era o objetivo específico de um analisador de material a granel localizado imediatamente a montante do moinho de matéria-prima na produção de cimento?,Monitorar a química da mistura bruta e ajustar as proporções dos materiais utilizados,pt,44,209,253.0,0.8260869565217391,0,0.0,-0.8531378880975133,3.022086414734946,-4.213164893466098,1.129829563197673
In which country was AFN Bremerhaven located?,Germany,en,33,5,10.0,0.5,0,0.0,0.0,0.0,0.0,0.0
Dans quel pays se trouvait l'AFN Bremerhaven ?,Allemagne,fr,33,5,10.0,0.5,0,0.0,0.17469528862068157,0.8734764431034078,0.0,0.34939057724136313
באיזו מדינה הייתה ממוקמת AFN ברמרהאפן?,גרמניה,he,33,10,21.0,0.47619047619047616,2,0.2857142857142857,0.0,0.0,0.0,0.0
AFN 不来梅哈芬 (AFN Bremerhaven) 位于哪个国家？,德国,zh,33,7,28.0,0.25,2,0.25,1.2328843127239872,8.63019018906791,0.0,3.0199374780556947
In welchem Land befand sich AFN Bremerhaven?,Deutschland,de,33,5,10.0,0.5,0,0.0,0.0,0.0,0.0,0.0
¿En qué país estaba ubicado AFN Bremerhaven?,Alemania,es,33,6,15.0,0.4,0,0.0,0.0,0.0,0.0,0.0
AFN Bremerhaven किस देश में स्थित था?,जर्मनी,hi,33,6,15.0,0.4,2,0.3333333333333333,0.0,0.0,0.0,0.0
Di negara mana AFN Bremerhaven berlokasi?,Jerman,id,33,3,10.0,0.3,1,0.2,0.0,0.0,0.0,0.0
In quale paese si trovava AFN Bremerhaven?,Germania,it,33,8,15.0,0.5333333333333333,0,0.0,0.0,0.0,0.0,0.0
AFNブレーマーハーフェンはどの国にありましたか？,ドイツ,ja,33,42,55.0,0.7636363636363637,0,0.0,0.17340364990420645,6.183807112301754,0.0,0.9422147626218764
AFN 브레머하펜은 어느 나라에 있었나요?,독일,ko,33,4,15.0,0.26666666666666666,2,0.3333333333333333,0.024454932250520606,0.09781972900208243,0.0,0.042357185153556395
Em qual país a AFN Bremerhaven estava localizada?,Alemanha,pt,33,7,15.0,0.4666666666666667,0,0.0,0.10382012274288469,0.7267408592001928,0.0,0.2543063257531866
