q_id,title,url,language_version_count
33,AFN Bremerhaven,https://en.wikipedia.org/wiki/AFN_Bremerhaven,1
33,AFN Bremerhaven,https://en.wikipedia.org/wiki/AFN_Bremerhaven,1
33,AFN Bremerhaven,https://en.wikipedia.org/wiki/AFN_Bremerhaven,1
33,AFN Bremerhaven,https://en.wikipedia.org/wiki/AFN_Bremerhaven,1
33,AFN Bremerhaven,https://en.wikipedia.org/wiki/AFN_Bremerhaven,1
33,AFN Bremerhaven,https://en.wikipedia.org/wiki/AFN_Bremerhaven,1
33,AFN Bremerhaven,https://en.wikipedia.org/wiki/AFN_Bremerhaven,1
33,AFN Bremerhaven,https://en.wikipedia.org/wiki/AFN_Bremerhaven,1
33,AFN Bremerhaven,https://en.wikipedia.org/wiki/AFN_Bremerhaven,1
33,AFN Bremerhaven,https://en.wikipedia.org/wiki/AFN_Bremerhaven,1
33,AFN Bremerhaven,https://en.wikipedia.org/wiki/AFN_Bremerhaven,1
33,AFN Bremerhaven,https://en.wikipedia.org/wiki/AFN_Bremerhaven,1
30,Augie Donatelli,https://en.wikipedia.org/wiki/Augie_Donatelli,1
30,Augie Donatelli,https://en.wikipedia.org/wiki/Augie_Donatelli,1
30,Augie Donatelli,https://en.wikipedia.org/wiki/Augie_Donatelli,1
30,Augie Donatelli,https://en.wikipedia.org/wiki/Augie_Donatelli,1
30,Augie Donatelli,https://en.wikipedia.org/wiki/Augie_Donatelli,1
30,Augie Donatelli,https://en.wikipedia.org/wiki/Augie_Donatelli,1
30,Augie Donatelli,https://en.wikipedia.org/wiki/Augie_Donatelli,1
30,Augie Donatelli,https://en.wikipedia.org/wiki/Augie_Donatelli,1
30,Augie Donatelli,https://en.wikipedia.org/wiki/Augie_Donatelli,1
30,Augie Donatelli,https://en.wikipedia.org/wiki/Augie_Donatelli,1
30,Augie Donatelli,https://en.wikipedia.org/wiki/Augie_Donatelli,1
30,Augie Donatelli,https://en.wikipedia.org/wiki/Augie_Donatelli,1
55,The Greatest Canadian Invention,https://en.wikipedia.org/wiki/The_Greatest_Canadian_Invention,1
55,The Greatest Canadian Invention,https://en.wikipedia.org/wiki/The_Greatest_Canadian_Invention,1
55,The Greatest Canadian Invention,https://en.wikipedia.org/wiki/The_Greatest_Canadian_Invention,1
55,The Greatest Canadian Invention,https://en.wikipedia.org/wiki/The_Greatest_Canadian_Invention,1
55,The Greatest Canadian Invention,https://en.wikipedia.org/wiki/The_Greatest_Canadian_Invention,1
55,The Greatest Canadian Invention,https://en.wikipedia.org/wiki/The_Greatest_Canadian_Invention,1
55,The Greatest Canadian Invention,https://en.wikipedia.org/wiki/The_Greatest_Canadian_Invention,1
55,The Greatest Canadian Invention,https://en.wikipedia.org/wiki/The_Greatest_Canadian_Invention,1
55,The Greatest Canadian Invention,https://en.wikipedia.org/wiki/The_Greatest_Canadian_Invention,1
55,The Greatest Canadian Invention,https://en.wikipedia.org/wiki/The_Greatest_Canadian_Invention,1
55,The Greatest Canadian Invention,https://en.wikipedia.org/wiki/The_Greatest_Canadian_Invention,1
55,The Greatest Canadian Invention,https://en.wikipedia.org/wiki/The_Greatest_Canadian_Invention,1
39,Cincinnati Bearcats football statistical leaders,https://en.wikipedia.org/wiki/Cincinnati_Bearcats_football_statistical_leaders,1
39,Cincinnati Bearcats football statistical leaders,https://en.wikipedia.org/wiki/Cincinnati_Bearcats_football_statistical_leaders,1
39,Cincinnati Bearcats football statistical leaders,https://en.wikipedia.org/wiki/Cincinnati_Bearcats_football_statistical_leaders,1
39,Cincinnati Bearcats football statistical leaders,https://en.wikipedia.org/wiki/Cincinnati_Bearcats_football_statistical_leaders,1
39,Cincinnati Bearcats football statistical leaders,https://en.wikipedia.org/wiki/Cincinnati_Bearcats_football_statistical_leaders,1
39,Cincinnati Bearcats football statistical leaders,https://en.wikipedia.org/wiki/Cincinnati_Bearcats_football_statistical_leaders,1
39,Cincinnati Bearcats football statistical leaders,https://en.wikipedia.org/wiki/Cincinnati_Bearcats_football_statistical_leaders,1
39,Cincinnati Bearcats football statistical leaders,https://en.wikipedia.org/wiki/Cincinnati_Bearcats_football_statistical_leaders,1
39,Cincinnati Bearcats football statistical leaders,https://en.wikipedia.org/wiki/Cincinnati_Bearcats_football_statistical_leaders,1
39,Cincinnati Bearcats football statistical leaders,https://en.wikipedia.org/wiki/Cincinnati_Bearcats_football_statistical_leaders,1
39,Cincinnati Bearcats football statistical leaders,https://en.wikipedia.org/wiki/Cincinnati_Bearcats_football_statistical_leaders,1
39,Cincinnati Bearcats football statistical leaders,https://en.wikipedia.org/wiki/Cincinnati_Bearcats_football_statistical_leaders,1
63,Entebbe General Hospital,https://en.wikipedia.org/wiki/Entebbe_General_Hospital,2
63,Entebbe General Hospital,https://en.wikipedia.org/wiki/Entebbe_General_Hospital,2
63,Entebbe General Hospital,https://en.wikipedia.org/wiki/Entebbe_General_Hospital,2
63,Entebbe General Hospital,https://en.wikipedia.org/wiki/Entebbe_General_Hospital,2
63,Entebbe General Hospital,https://en.wikipedia.org/wiki/Entebbe_General_Hospital,2
63,Entebbe General Hospital,https://en.wikipedia.org/wiki/Entebbe_General_Hospital,2
63,Entebbe General Hospital,https://en.wikipedia.org/wiki/Entebbe_General_Hospital,2
63,Entebbe General Hospital,https://en.wikipedia.org/wiki/Entebbe_General_Hospital,2
63,Entebbe General Hospital,https://en.wikipedia.org/wiki/Entebbe_General_Hospital,2
63,Entebbe General Hospital,https://en.wikipedia.org/wiki/Entebbe_General_Hospital,2
63,Entebbe General Hospital,https://en.wikipedia.org/wiki/Entebbe_General_Hospital,2
63,Entebbe General Hospital,https://en.wikipedia.org/wiki/Entebbe_General_Hospital,2
56,1929 Detroit Titans football team,https://en.wikipedia.org/wiki/1929_Detroit_Titans_football_team,1
56,1929 Detroit Titans football team,https://en.wikipedia.org/wiki/1929_Detroit_Titans_football_team,1
56,1929 Detroit Titans football team,https://en.wikipedia.org/wiki/1929_Detroit_Titans_football_team,1
56,1929 Detroit Titans football team,https://en.wikipedia.org/wiki/1929_Detroit_Titans_football_team,1
56,1929 Detroit Titans football team,https://en.wikipedia.org/wiki/1929_Detroit_Titans_football_team,1
56,1929 Detroit Titans football team,https://en.wikipedia.org/wiki/1929_Detroit_Titans_football_team,1
56,1929 Detroit Titans football team,https://en.wikipedia.org/wiki/1929_Detroit_Titans_football_team,1
56,1929 Detroit Titans football team,https://en.wikipedia.org/wiki/1929_Detroit_Titans_football_team,1
56,1929 Detroit Titans football team,https://en.wikipedia.org/wiki/1929_Detroit_Titans_football_team,1
56,1929 Detroit Titans football team,https://en.wikipedia.org/wiki/1929_Detroit_Titans_football_team,1
56,1929 Detroit Titans football team,https://en.wikipedia.org/wiki/1929_Detroit_Titans_football_team,1
56,1929 Detroit Titans football team,https://en.wikipedia.org/wiki/1929_Detroit_Titans_football_team,1
42,Flood Modeller,https://en.wikipedia.org/wiki/Flood_Modeller,1
42,Flood Modeller,https://en.wikipedia.org/wiki/Flood_Modeller,1
42,Flood Modeller,https://en.wikipedia.org/wiki/Flood_Modeller,1
42,Flood Modeller,https://en.wikipedia.org/wiki/Flood_Modeller,1
42,Flood Modeller,https://en.wikipedia.org/wiki/Flood_Modeller,1
42,Flood Modeller,https://en.wikipedia.org/wiki/Flood_Modeller,1
42,Flood Modeller,https://en.wikipedia.org/wiki/Flood_Modeller,1
42,Flood Modeller,https://en.wikipedia.org/wiki/Flood_Modeller,1
42,Flood Modeller,https://en.wikipedia.org/wiki/Flood_Modeller,1
42,Flood Modeller,https://en.wikipedia.org/wiki/Flood_Modeller,1
42,Flood Modeller,https://en.wikipedia.org/wiki/Flood_Modeller,1
42,Flood Modeller,https://en.wikipedia.org/wiki/Flood_Modeller,1
46,Magarat,https://en.wikipedia.org/wiki/Magarat,1
46,Magarat,https://en.wikipedia.org/wiki/Magarat,1
46,Magarat,https://en.wikipedia.org/wiki/Magarat,1
46,Magarat,https://en.wikipedia.org/wiki/Magarat,1
46,Magarat,https://en.wikipedia.org/wiki/Magarat,1
46,Magarat,https://en.wikipedia.org/wiki/Magarat,1
46,Magarat,https://en.wikipedia.org/wiki/Magarat,1
46,Magarat,https://en.wikipedia.org/wiki/Magarat,1
46,Magarat,https://en.wikipedia.org/wiki/Magarat,1
46,Magarat,https://en.wikipedia.org/wiki/Magarat,1
46,Magarat,https://en.wikipedia.org/wiki/Magarat,1
46,Magarat,https://en.wikipedia.org/wiki/Magarat,1
57,Arroyo Penasco Group,https://en.wikipedia.org/wiki/Arroyo_Penasco_Group,1
57,Arroyo Penasco Group,https://en.wikipedia.org/wiki/Arroyo_Penasco_Group,1
57,Arroyo Penasco Group,https://en.wikipedia.org/wiki/Arroyo_Penasco_Group,1
57,Arroyo Penasco Group,https://en.wikipedia.org/wiki/Arroyo_Penasco_Group,1
57,Arroyo Penasco Group,https://en.wikipedia.org/wiki/Arroyo_Penasco_Group,1
57,Arroyo Penasco Group,https://en.wikipedia.org/wiki/Arroyo_Penasco_Group,1
57,Arroyo Penasco Group,https://en.wikipedia.org/wiki/Arroyo_Penasco_Group,1
57,Arroyo Penasco Group,https://en.wikipedia.org/wiki/Arroyo_Penasco_Group,1
57,Arroyo Penasco Group,https://en.wikipedia.org/wiki/Arroyo_Penasco_Group,1
57,Arroyo Penasco Group,https://en.wikipedia.org/wiki/Arroyo_Penasco_Group,1
57,Arroyo Penasco Group,https://en.wikipedia.org/wiki/Arroyo_Penasco_Group,1
57,Arroyo Penasco Group,https://en.wikipedia.org/wiki/Arroyo_Penasco_Group,1
66,Ming Pao Daily News (Canada),https://en.wikipedia.org/wiki/Ming_Pao_Daily_News_(Canada),1
66,Ming Pao Daily News (Canada),https://en.wikipedia.org/wiki/Ming_Pao_Daily_News_(Canada),1
66,Ming Pao Daily News (Canada),https://en.wikipedia.org/wiki/Ming_Pao_Daily_News_(Canada),1
66,Ming Pao Daily News (Canada),https://en.wikipedia.org/wiki/Ming_Pao_Daily_News_(Canada),1
66,Ming Pao Daily News (Canada),https://en.wikipedia.org/wiki/Ming_Pao_Daily_News_(Canada),1
66,Ming Pao Daily News (Canada),https://en.wikipedia.org/wiki/Ming_Pao_Daily_News_(Canada),1
66,Ming Pao Daily News (Canada),https://en.wikipedia.org/wiki/Ming_Pao_Daily_News_(Canada),1
66,Ming Pao Daily News (Canada),https://en.wikipedia.org/wiki/Ming_Pao_Daily_News_(Canada),1
66,Ming Pao Daily News (Canada),https://en.wikipedia.org/wiki/Ming_Pao_Daily_News_(Canada),1
66,Ming Pao Daily News (Canada),https://en.wikipedia.org/wiki/Ming_Pao_Daily_News_(Canada),1
66,Ming Pao Daily News (Canada),https://en.wikipedia.org/wiki/Ming_Pao_Daily_News_(Canada),1
66,Ming Pao Daily News (Canada),https://en.wikipedia.org/wiki/Ming_Pao_Daily_News_(Canada),1
31,National Institutes of Health MERIT Award,https://en.wikipedia.org/wiki/National_Institutes_of_Health_MERIT_Award,1
31,National Institutes of Health MERIT Award,https://en.wikipedia.org/wiki/National_Institutes_of_Health_MERIT_Award,1
31,National Institutes of Health MERIT Award,https://en.wikipedia.org/wiki/National_Institutes_of_Health_MERIT_Award,1
31,National Institutes of Health MERIT Award,https://en.wikipedia.org/wiki/National_Institutes_of_Health_MERIT_Award,1
31,National Institutes of Health MERIT Award,https://en.wikipedia.org/wiki/National_Institutes_of_Health_MERIT_Award,1
31,National Institutes of Health MERIT Award,https://en.wikipedia.org/wiki/National_Institutes_of_Health_MERIT_Award,1
31,National Institutes of Health MERIT Award,https://en.wikipedia.org/wiki/National_Institutes_of_Health_MERIT_Award,1
31,National Institutes of Health MERIT Award,https://en.wikipedia.org/wiki/National_Institutes_of_Health_MERIT_Award,1
31,National Institutes of Health MERIT Award,https://en.wikipedia.org/wiki/National_Institutes_of_Health_MERIT_Award,1
31,National Institutes of Health MERIT Award,https://en.wikipedia.org/wiki/National_Institutes_of_Health_MERIT_Award,1
31,National Institutes of Health MERIT Award,https://en.wikipedia.org/wiki/National_Institutes_of_Health_MERIT_Award,1
31,National Institutes of Health MERIT Award,https://en.wikipedia.org/wiki/National_Institutes_of_Health_MERIT_Award,1
45,"Vedder Crossing, Chilliwack","https://en.wikipedia.org/wiki/Vedder_Crossing,_Chilliwack",1
45,"Vedder Crossing, Chilliwack","https://en.wikipedia.org/wiki/Vedder_Crossing,_Chilliwack",1
45,"Vedder Crossing, Chilliwack","https://en.wikipedia.org/wiki/Vedder_Crossing,_Chilliwack",1
45,"Vedder Crossing, Chilliwack","https://en.wikipedia.org/wiki/Vedder_Crossing,_Chilliwack",1
45,"Vedder Crossing, Chilliwack","https://en.wikipedia.org/wiki/Vedder_Crossing,_Chilliwack",1
45,"Vedder Crossing, Chilliwack","https://en.wikipedia.org/wiki/Vedder_Crossing,_Chilliwack",1
45,"Vedder Crossing, Chilliwack","https://en.wikipedia.org/wiki/Vedder_Crossing,_Chilliwack",1
45,"Vedder Crossing, Chilliwack","https://en.wikipedia.org/wiki/Vedder_Crossing,_Chilliwack",1
45,"Vedder Crossing, Chilliwack","https://en.wikipedia.org/wiki/Vedder_Crossing,_Chilliwack",1
45,"Vedder Crossing, Chilliwack","https://en.wikipedia.org/wiki/Vedder_Crossing,_Chilliwack",1
45,"Vedder Crossing, Chilliwack","https://en.wikipedia.org/wiki/Vedder_Crossing,_Chilliwack",1
45,"Vedder Crossing, Chilliwack","https://en.wikipedia.org/wiki/Vedder_Crossing,_Chilliwack",1
60,Fifth Labour Government of New Zealand,https://en.wikipedia.org/wiki/Fifth_Labour_Government_of_New_Zealand,2
60,Fifth Labour Government of New Zealand,https://en.wikipedia.org/wiki/Fifth_Labour_Government_of_New_Zealand,2
60,Fifth Labour Government of New Zealand,https://en.wikipedia.org/wiki/Fifth_Labour_Government_of_New_Zealand,2
60,Fifth Labour Government of New Zealand,https://en.wikipedia.org/wiki/Fifth_Labour_Government_of_New_Zealand,2
60,Fifth Labour Government of New Zealand,https://en.wikipedia.org/wiki/Fifth_Labour_Government_of_New_Zealand,2
60,Fifth Labour Government of New Zealand,https://en.wikipedia.org/wiki/Fifth_Labour_Government_of_New_Zealand,2
60,Fifth Labour Government of New Zealand,https://en.wikipedia.org/wiki/Fifth_Labour_Government_of_New_Zealand,2
60,Fifth Labour Government of New Zealand,https://en.wikipedia.org/wiki/Fifth_Labour_Government_of_New_Zealand,2
60,Fifth Labour Government of New Zealand,https://en.wikipedia.org/wiki/Fifth_Labour_Government_of_New_Zealand,2
60,Fifth Labour Government of New Zealand,https://en.wikipedia.org/wiki/Fifth_Labour_Government_of_New_Zealand,2
60,Fifth Labour Government of New Zealand,https://en.wikipedia.org/wiki/Fifth_Labour_Government_of_New_Zealand,2
60,Fifth Labour Government of New Zealand,https://en.wikipedia.org/wiki/Fifth_Labour_Government_of_New_Zealand,2
29,International Road Dynamics,https://en.wikipedia.org/wiki/International_Road_Dynamics,1
29,International Road Dynamics,https://en.wikipedia.org/wiki/International_Road_Dynamics,1
29,International Road Dynamics,https://en.wikipedia.org/wiki/International_Road_Dynamics,1
29,International Road Dynamics,https://en.wikipedia.org/wiki/International_Road_Dynamics,1
29,International Road Dynamics,https://en.wikipedia.org/wiki/International_Road_Dynamics,1
29,International Road Dynamics,https://en.wikipedia.org/wiki/International_Road_Dynamics,1
29,International Road Dynamics,https://en.wikipedia.org/wiki/International_Road_Dynamics,1
29,International Road Dynamics,https://en.wikipedia.org/wiki/International_Road_Dynamics,1
29,International Road Dynamics,https://en.wikipedia.org/wiki/International_Road_Dynamics,1
29,International Road Dynamics,https://en.wikipedia.org/wiki/International_Road_Dynamics,1
29,International Road Dynamics,https://en.wikipedia.org/wiki/International_Road_Dynamics,1
29,International Road Dynamics,https://en.wikipedia.org/wiki/International_Road_Dynamics,1
67,Pan American Artistic Swimming Championships,https://en.wikipedia.org/wiki/Pan_American_Artistic_Swimming_Championships,1
67,Pan American Artistic Swimming Championships,https://en.wikipedia.org/wiki/Pan_American_Artistic_Swimming_Championships,1
67,Pan American Artistic Swimming Championships,https://en.wikipedia.org/wiki/Pan_American_Artistic_Swimming_Championships,1
67,Pan American Artistic Swimming Championships,https://en.wikipedia.org/wiki/Pan_American_Artistic_Swimming_Championships,1
67,Pan American Artistic Swimming Championships,https://en.wikipedia.org/wiki/Pan_American_Artistic_Swimming_Championships,1
67,Pan American Artistic Swimming Championships,https://en.wikipedia.org/wiki/Pan_American_Artistic_Swimming_Championships,1
67,Pan American Artistic Swimming Championships,https://en.wikipedia.org/wiki/Pan_American_Artistic_Swimming_Championships,1
67,Pan American Artistic Swimming Championships,https://en.wikipedia.org/wiki/Pan_American_Artistic_Swimming_Championships,1
67,Pan American Artistic Swimming Championships,https://en.wikipedia.org/wiki/Pan_American_Artistic_Swimming_Championships,1
67,Pan American Artistic Swimming Championships,https://en.wikipedia.org/wiki/Pan_American_Artistic_Swimming_Championships,1
67,Pan American Artistic Swimming Championships,https://en.wikipedia.org/wiki/Pan_American_Artistic_Swimming_Championships,1
67,Pan American Artistic Swimming Championships,https://en.wikipedia.org/wiki/Pan_American_Artistic_Swimming_Championships,1
36,Great Canadian flag debate,https://en.wikipedia.org/wiki/Great_Canadian_flag_debate,3
36,Great Canadian flag debate,https://en.wikipedia.org/wiki/Great_Canadian_flag_debate,3
36,Great Canadian flag debate,https://en.wikipedia.org/wiki/Great_Canadian_flag_debate,3
36,Great Canadian flag debate,https://en.wikipedia.org/wiki/Great_Canadian_flag_debate,3
36,Great Canadian flag debate,https://en.wikipedia.org/wiki/Great_Canadian_flag_debate,3
36,Great Canadian flag debate,https://en.wikipedia.org/wiki/Great_Canadian_flag_debate,3
36,Great Canadian flag debate,https://en.wikipedia.org/wiki/Great_Canadian_flag_debate,3
36,Great Canadian flag debate,https://en.wikipedia.org/wiki/Great_Canadian_flag_debate,3
36,Great Canadian flag debate,https://en.wikipedia.org/wiki/Great_Canadian_flag_debate,3
36,Great Canadian flag debate,https://en.wikipedia.org/wiki/Great_Canadian_flag_debate,3
36,Great Canadian flag debate,https://en.wikipedia.org/wiki/Great_Canadian_flag_debate,3
36,Great Canadian flag debate,https://en.wikipedia.org/wiki/Great_Canadian_flag_debate,3
59,The Whitehaven Academy,https://en.wikipedia.org/wiki/The_Whitehaven_Academy,1
59,The Whitehaven Academy,https://en.wikipedia.org/wiki/The_Whitehaven_Academy,1
59,The Whitehaven Academy,https://en.wikipedia.org/wiki/The_Whitehaven_Academy,1
59,The Whitehaven Academy,https://en.wikipedia.org/wiki/The_Whitehaven_Academy,1
59,The Whitehaven Academy,https://en.wikipedia.org/wiki/The_Whitehaven_Academy,1
59,The Whitehaven Academy,https://en.wikipedia.org/wiki/The_Whitehaven_Academy,1
59,The Whitehaven Academy,https://en.wikipedia.org/wiki/The_Whitehaven_Academy,1
59,The Whitehaven Academy,https://en.wikipedia.org/wiki/The_Whitehaven_Academy,1
59,The Whitehaven Academy,https://en.wikipedia.org/wiki/The_Whitehaven_Academy,1
59,The Whitehaven Academy,https://en.wikipedia.org/wiki/The_Whitehaven_Academy,1
59,The Whitehaven Academy,https://en.wikipedia.org/wiki/The_Whitehaven_Academy,1
59,The Whitehaven Academy,https://en.wikipedia.org/wiki/The_Whitehaven_Academy,1
38,Uniform Residential Landlord and Tenant Act,https://en.wikipedia.org/wiki/Uniform_Residential_Landlord_and_Tenant_Act,1
38,Uniform Residential Landlord and Tenant Act,https://en.wikipedia.org/wiki/Uniform_Residential_Landlord_and_Tenant_Act,1
38,Uniform Residential Landlord and Tenant Act,https://en.wikipedia.org/wiki/Uniform_Residential_Landlord_and_Tenant_Act,1
38,Uniform Residential Landlord and Tenant Act,https://en.wikipedia.org/wiki/Uniform_Residential_Landlord_and_Tenant_Act,1
38,Uniform Residential Landlord and Tenant Act,https://en.wikipedia.org/wiki/Uniform_Residential_Landlord_and_Tenant_Act,1
38,Uniform Residential Landlord and Tenant Act,https://en.wikipedia.org/wiki/Uniform_Residential_Landlord_and_Tenant_Act,1
38,Uniform Residential Landlord and Tenant Act,https://en.wikipedia.org/wiki/Uniform_Residential_Landlord_and_Tenant_Act,1
38,Uniform Residential Landlord and Tenant Act,https://en.wikipedia.org/wiki/Uniform_Residential_Landlord_and_Tenant_Act,1
38,Uniform Residential Landlord and Tenant Act,https://en.wikipedia.org/wiki/Uniform_Residential_Landlord_and_Tenant_Act,1
38,Uniform Residential Landlord and Tenant Act,https://en.wikipedia.org/wiki/Uniform_Residential_Landlord_and_Tenant_Act,1
38,Uniform Residential Landlord and Tenant Act,https://en.wikipedia.org/wiki/Uniform_Residential_Landlord_and_Tenant_Act,1
38,Uniform Residential Landlord and Tenant Act,https://en.wikipedia.org/wiki/Uniform_Residential_Landlord_and_Tenant_Act,1
37,List of Turkish politicians,https://en.wikipedia.org/wiki/List_of_Turkish_politicians,1
37,List of Turkish politicians,https://en.wikipedia.org/wiki/List_of_Turkish_politicians,1
37,List of Turkish politicians,https://en.wikipedia.org/wiki/List_of_Turkish_politicians,1
37,List of Turkish politicians,https://en.wikipedia.org/wiki/List_of_Turkish_politicians,1
37,List of Turkish politicians,https://en.wikipedia.org/wiki/List_of_Turkish_politicians,1
37,List of Turkish politicians,https://en.wikipedia.org/wiki/List_of_Turkish_politicians,1
37,List of Turkish politicians,https://en.wikipedia.org/wiki/List_of_Turkish_politicians,1
37,List of Turkish politicians,https://en.wikipedia.org/wiki/List_of_Turkish_politicians,1
37,List of Turkish politicians,https://en.wikipedia.org/wiki/List_of_Turkish_politicians,1
37,List of Turkish politicians,https://en.wikipedia.org/wiki/List_of_Turkish_politicians,1
37,List of Turkish politicians,https://en.wikipedia.org/wiki/List_of_Turkish_politicians,1
37,List of Turkish politicians,https://en.wikipedia.org/wiki/List_of_Turkish_politicians,1
44,Bulk material analyzer,https://en.wikipedia.org/wiki/Bulk_material_analyzer,1
44,Bulk material analyzer,https://en.wikipedia.org/wiki/Bulk_material_analyzer,1
44,Bulk material analyzer,https://en.wikipedia.org/wiki/Bulk_material_analyzer,1
44,Bulk material analyzer,https://en.wikipedia.org/wiki/Bulk_material_analyzer,1
44,Bulk material analyzer,https://en.wikipedia.org/wiki/Bulk_material_analyzer,1
44,Bulk material analyzer,https://en.wikipedia.org/wiki/Bulk_material_analyzer,1
44,Bulk material analyzer,https://en.wikipedia.org/wiki/Bulk_material_analyzer,1
44,Bulk material analyzer,https://en.wikipedia.org/wiki/Bulk_material_analyzer,1
44,Bulk material analyzer,https://en.wikipedia.org/wiki/Bulk_material_analyzer,1
44,Bulk material analyzer,https://en.wikipedia.org/wiki/Bulk_material_analyzer,1
44,Bulk material analyzer,https://en.wikipedia.org/wiki/Bulk_material_analyzer,1
44,Bulk material analyzer,https://en.wikipedia.org/wiki/Bulk_material_analyzer,1
65,One More Goodnight Kiss,https://en.wikipedia.org/wiki/One_More_Goodnight_Kiss,1
65,One More Goodnight Kiss,https://en.wikipedia.org/wiki/One_More_Goodnight_Kiss,1
65,One More Goodnight Kiss,https://en.wikipedia.org/wiki/One_More_Goodnight_Kiss,1
65,One More Goodnight Kiss,https://en.wikipedia.org/wiki/One_More_Goodnight_Kiss,1
65,One More Goodnight Kiss,https://en.wikipedia.org/wiki/One_More_Goodnight_Kiss,1
65,One More Goodnight Kiss,https://en.wikipedia.org/wiki/One_More_Goodnight_Kiss,1
65,One More Goodnight Kiss,https://en.wikipedia.org/wiki/One_More_Goodnight_Kiss,1
65,One More Goodnight Kiss,https://en.wikipedia.org/wiki/One_More_Goodnight_Kiss,1
65,One More Goodnight Kiss,https://en.wikipedia.org/wiki/One_More_Goodnight_Kiss,1
65,One More Goodnight Kiss,https://en.wikipedia.org/wiki/One_More_Goodnight_Kiss,1
65,One More Goodnight Kiss,https://en.wikipedia.org/wiki/One_More_Goodnight_Kiss,1
65,One More Goodnight Kiss,https://en.wikipedia.org/wiki/One_More_Goodnight_Kiss,1
35,Pretty Little Head,https://en.wikipedia.org/wiki/Pretty_Little_Head,1
35,Pretty Little Head,https://en.wikipedia.org/wiki/Pretty_Little_Head,1
35,Pretty Little Head,https://en.wikipedia.org/wiki/Pretty_Little_Head,1
35,Pretty Little Head,https://en.wikipedia.org/wiki/Pretty_Little_Head,1
35,Pretty Little Head,https://en.wikipedia.org/wiki/Pretty_Little_Head,1
35,Pretty Little Head,https://en.wikipedia.org/wiki/Pretty_Little_Head,1
35,Pretty Little Head,https://en.wikipedia.org/wiki/Pretty_Little_Head,1
35,Pretty Little Head,https://en.wikipedia.org/wiki/Pretty_Little_Head,1
35,Pretty Little Head,https://en.wikipedia.org/wiki/Pretty_Little_Head,1
35,Pretty Little Head,https://en.wikipedia.org/wiki/Pretty_Little_Head,1
35,Pretty Little Head,https://en.wikipedia.org/wiki/Pretty_Little_Head,1
35,Pretty Little Head,https://en.wikipedia.org/wiki/Pretty_Little_Head,1
51,Rector of Università Cattolica del Sacro Cuore,https://en.wikipedia.org/wiki/Rector_of_Università_Cattolica_del_Sacro_Cuore,1
51,Rector of Università Cattolica del Sacro Cuore,https://en.wikipedia.org/wiki/Rector_of_Università_Cattolica_del_Sacro_Cuore,1
51,Rector of Università Cattolica del Sacro Cuore,https://en.wikipedia.org/wiki/Rector_of_Università_Cattolica_del_Sacro_Cuore,1
51,Rector of Università Cattolica del Sacro Cuore,https://en.wikipedia.org/wiki/Rector_of_Università_Cattolica_del_Sacro_Cuore,1
51,Rector of Università Cattolica del Sacro Cuore,https://en.wikipedia.org/wiki/Rector_of_Università_Cattolica_del_Sacro_Cuore,1
51,Rector of Università Cattolica del Sacro Cuore,https://en.wikipedia.org/wiki/Rector_of_Università_Cattolica_del_Sacro_Cuore,1
51,Rector of Università Cattolica del Sacro Cuore,https://en.wikipedia.org/wiki/Rector_of_Università_Cattolica_del_Sacro_Cuore,1
51,Rector of Università Cattolica del Sacro Cuore,https://en.wikipedia.org/wiki/Rector_of_Università_Cattolica_del_Sacro_Cuore,1
51,Rector of Università Cattolica del Sacro Cuore,https://en.wikipedia.org/wiki/Rector_of_Università_Cattolica_del_Sacro_Cuore,1
51,Rector of Università Cattolica del Sacro Cuore,https://en.wikipedia.org/wiki/Rector_of_Università_Cattolica_del_Sacro_Cuore,1
51,Rector of Università Cattolica del Sacro Cuore,https://en.wikipedia.org/wiki/Rector_of_Università_Cattolica_del_Sacro_Cuore,1
51,Rector of Università Cattolica del Sacro Cuore,https://en.wikipedia.org/wiki/Rector_of_Università_Cattolica_del_Sacro_Cuore,1
41,Campbell Fighting Camels women's basketball,https://en.wikipedia.org/wiki/Campbell_Fighting_Camels_women's_basketball,1
41,Campbell Fighting Camels women's basketball,https://en.wikipedia.org/wiki/Campbell_Fighting_Camels_women's_basketball,1
41,Campbell Fighting Camels women's basketball,https://en.wikipedia.org/wiki/Campbell_Fighting_Camels_women's_basketball,1
41,Campbell Fighting Camels women's basketball,https://en.wikipedia.org/wiki/Campbell_Fighting_Camels_women's_basketball,1
41,Campbell Fighting Camels women's basketball,https://en.wikipedia.org/wiki/Campbell_Fighting_Camels_women's_basketball,1
41,Campbell Fighting Camels women's basketball,https://en.wikipedia.org/wiki/Campbell_Fighting_Camels_women's_basketball,1
41,Campbell Fighting Camels women's basketball,https://en.wikipedia.org/wiki/Campbell_Fighting_Camels_women's_basketball,1
41,Campbell Fighting Camels women's basketball,https://en.wikipedia.org/wiki/Campbell_Fighting_Camels_women's_basketball,1
41,Campbell Fighting Camels women's basketball,https://en.wikipedia.org/wiki/Campbell_Fighting_Camels_women's_basketball,1
41,Campbell Fighting Camels women's basketball,https://en.wikipedia.org/wiki/Campbell_Fighting_Camels_women's_basketball,1
41,Campbell Fighting Camels women's basketball,https://en.wikipedia.org/wiki/Campbell_Fighting_Camels_women's_basketball,1
41,Campbell Fighting Camels women's basketball,https://en.wikipedia.org/wiki/Campbell_Fighting_Camels_women's_basketball,1
61,That's What Love Is For,https://en.wikipedia.org/wiki/That's_What_Love_Is_For,1
61,That's What Love Is For,https://en.wikipedia.org/wiki/That's_What_Love_Is_For,1
61,That's What Love Is For,https://en.wikipedia.org/wiki/That's_What_Love_Is_For,1
61,That's What Love Is For,https://en.wikipedia.org/wiki/That's_What_Love_Is_For,1
61,That's What Love Is For,https://en.wikipedia.org/wiki/That's_What_Love_Is_For,1
61,That's What Love Is For,https://en.wikipedia.org/wiki/That's_What_Love_Is_For,1
61,That's What Love Is For,https://en.wikipedia.org/wiki/That's_What_Love_Is_For,1
61,That's What Love Is For,https://en.wikipedia.org/wiki/That's_What_Love_Is_For,1
61,That's What Love Is For,https://en.wikipedia.org/wiki/That's_What_Love_Is_For,1
61,That's What Love Is For,https://en.wikipedia.org/wiki/That's_What_Love_Is_For,1
61,That's What Love Is For,https://en.wikipedia.org/wiki/That's_What_Love_Is_For,1
61,That's What Love Is For,https://en.wikipedia.org/wiki/That's_What_Love_Is_For,1
47,Athletics at the 2010 Asian Games – Men's javelin throw,https://en.wikipedia.org/wiki/Athletics_at_the_2010_Asian_Games_–_Men's_javelin_throw,1
47,Athletics at the 2010 Asian Games – Men's javelin throw,https://en.wikipedia.org/wiki/Athletics_at_the_2010_Asian_Games_–_Men's_javelin_throw,1
47,Athletics at the 2010 Asian Games – Men's javelin throw,https://en.wikipedia.org/wiki/Athletics_at_the_2010_Asian_Games_–_Men's_javelin_throw,1
47,Athletics at the 2010 Asian Games – Men's javelin throw,https://en.wikipedia.org/wiki/Athletics_at_the_2010_Asian_Games_–_Men's_javelin_throw,1
47,Athletics at the 2010 Asian Games – Men's javelin throw,https://en.wikipedia.org/wiki/Athletics_at_the_2010_Asian_Games_–_Men's_javelin_throw,1
47,Athletics at the 2010 Asian Games – Men's javelin throw,https://en.wikipedia.org/wiki/Athletics_at_the_2010_Asian_Games_–_Men's_javelin_throw,1
47,Athletics at the 2010 Asian Games – Men's javelin throw,https://en.wikipedia.org/wiki/Athletics_at_the_2010_Asian_Games_–_Men's_javelin_throw,1
47,Athletics at the 2010 Asian Games – Men's javelin throw,https://en.wikipedia.org/wiki/Athletics_at_the_2010_Asian_Games_–_Men's_javelin_throw,1
47,Athletics at the 2010 Asian Games – Men's javelin throw,https://en.wikipedia.org/wiki/Athletics_at_the_2010_Asian_Games_–_Men's_javelin_throw,1
47,Athletics at the 2010 Asian Games – Men's javelin throw,https://en.wikipedia.org/wiki/Athletics_at_the_2010_Asian_Games_–_Men's_javelin_throw,1
47,Athletics at the 2010 Asian Games – Men's javelin throw,https://en.wikipedia.org/wiki/Athletics_at_the_2010_Asian_Games_–_Men's_javelin_throw,1
47,Athletics at the 2010 Asian Games – Men's javelin throw,https://en.wikipedia.org/wiki/Athletics_at_the_2010_Asian_Games_–_Men's_javelin_throw,1
32,Fighter (David Nail album),https://en.wikipedia.org/wiki/Fighter_(David_Nail_album),1
32,Fighter (David Nail album),https://en.wikipedia.org/wiki/Fighter_(David_Nail_album),1
32,Fighter (David Nail album),https://en.wikipedia.org/wiki/Fighter_(David_Nail_album),1
32,Fighter (David Nail album),https://en.wikipedia.org/wiki/Fighter_(David_Nail_album),1
32,Fighter (David Nail album),https://en.wikipedia.org/wiki/Fighter_(David_Nail_album),1
32,Fighter (David Nail album),https://en.wikipedia.org/wiki/Fighter_(David_Nail_album),1
32,Fighter (David Nail album),https://en.wikipedia.org/wiki/Fighter_(David_Nail_album),1
32,Fighter (David Nail album),https://en.wikipedia.org/wiki/Fighter_(David_Nail_album),1
32,Fighter (David Nail album),https://en.wikipedia.org/wiki/Fighter_(David_Nail_album),1
32,Fighter (David Nail album),https://en.wikipedia.org/wiki/Fighter_(David_Nail_album),1
32,Fighter (David Nail album),https://en.wikipedia.org/wiki/Fighter_(David_Nail_album),1
32,Fighter (David Nail album),https://en.wikipedia.org/wiki/Fighter_(David_Nail_album),1
62,Right of access to personal data,https://en.wikipedia.org/wiki/Right_of_access_to_personal_data,1
62,Right of access to personal data,https://en.wikipedia.org/wiki/Right_of_access_to_personal_data,1
62,Right of access to personal data,https://en.wikipedia.org/wiki/Right_of_access_to_personal_data,1
62,Right of access to personal data,https://en.wikipedia.org/wiki/Right_of_access_to_personal_data,1
62,Right of access to personal data,https://en.wikipedia.org/wiki/Right_of_access_to_personal_data,1
62,Right of access to personal data,https://en.wikipedia.org/wiki/Right_of_access_to_personal_data,1
62,Right of access to personal data,https://en.wikipedia.org/wiki/Right_of_access_to_personal_data,1
62,Right of access to personal data,https://en.wikipedia.org/wiki/Right_of_access_to_personal_data,1
62,Right of access to personal data,https://en.wikipedia.org/wiki/Right_of_access_to_personal_data,1
62,Right of access to personal data,https://en.wikipedia.org/wiki/Right_of_access_to_personal_data,1
62,Right of access to personal data,https://en.wikipedia.org/wiki/Right_of_access_to_personal_data,1
62,Right of access to personal data,https://en.wikipedia.org/wiki/Right_of_access_to_personal_data,1
64,Rancocas Farm,https://en.wikipedia.org/wiki/Rancocas_Farm,1
64,Rancocas Farm,https://en.wikipedia.org/wiki/Rancocas_Farm,1
64,Rancocas Farm,https://en.wikipedia.org/wiki/Rancocas_Farm,1
64,Rancocas Farm,https://en.wikipedia.org/wiki/Rancocas_Farm,1
64,Rancocas Farm,https://en.wikipedia.org/wiki/Rancocas_Farm,1
64,Rancocas Farm,https://en.wikipedia.org/wiki/Rancocas_Farm,1
64,Rancocas Farm,https://en.wikipedia.org/wiki/Rancocas_Farm,1
64,Rancocas Farm,https://en.wikipedia.org/wiki/Rancocas_Farm,1
64,Rancocas Farm,https://en.wikipedia.org/wiki/Rancocas_Farm,1
64,Rancocas Farm,https://en.wikipedia.org/wiki/Rancocas_Farm,1
64,Rancocas Farm,https://en.wikipedia.org/wiki/Rancocas_Farm,1
64,Rancocas Farm,https://en.wikipedia.org/wiki/Rancocas_Farm,1
40,Keys to the Kingdom (album),https://en.wikipedia.org/wiki/Keys_to_the_Kingdom_(album),1
40,Keys to the Kingdom (album),https://en.wikipedia.org/wiki/Keys_to_the_Kingdom_(album),1
40,Keys to the Kingdom (album),https://en.wikipedia.org/wiki/Keys_to_the_Kingdom_(album),1
40,Keys to the Kingdom (album),https://en.wikipedia.org/wiki/Keys_to_the_Kingdom_(album),1
40,Keys to the Kingdom (album),https://en.wikipedia.org/wiki/Keys_to_the_Kingdom_(album),1
40,Keys to the Kingdom (album),https://en.wikipedia.org/wiki/Keys_to_the_Kingdom_(album),1
40,Keys to the Kingdom (album),https://en.wikipedia.org/wiki/Keys_to_the_Kingdom_(album),1
40,Keys to the Kingdom (album),https://en.wikipedia.org/wiki/Keys_to_the_Kingdom_(album),1
40,Keys to the Kingdom (album),https://en.wikipedia.org/wiki/Keys_to_the_Kingdom_(album),1
40,Keys to the Kingdom (album),https://en.wikipedia.org/wiki/Keys_to_the_Kingdom_(album),1
40,Keys to the Kingdom (album),https://en.wikipedia.org/wiki/Keys_to_the_Kingdom_(album),1
40,Keys to the Kingdom (album),https://en.wikipedia.org/wiki/Keys_to_the_Kingdom_(album),1
43,Tenderpreneur,https://en.wikipedia.org/wiki/Tenderpreneur,2
43,Tenderpreneur,https://en.wikipedia.org/wiki/Tenderpreneur,2
43,Tenderpreneur,https://en.wikipedia.org/wiki/Tenderpreneur,2
43,Tenderpreneur,https://en.wikipedia.org/wiki/Tenderpreneur,2
43,Tenderpreneur,https://en.wikipedia.org/wiki/Tenderpreneur,2
43,Tenderpreneur,https://en.wikipedia.org/wiki/Tenderpreneur,2
43,Tenderpreneur,https://en.wikipedia.org/wiki/Tenderpreneur,2
43,Tenderpreneur,https://en.wikipedia.org/wiki/Tenderpreneur,2
43,Tenderpreneur,https://en.wikipedia.org/wiki/Tenderpreneur,2
43,Tenderpreneur,https://en.wikipedia.org/wiki/Tenderpreneur,2
43,Tenderpreneur,https://en.wikipedia.org/wiki/Tenderpreneur,2
43,Tenderpreneur,https://en.wikipedia.org/wiki/Tenderpreneur,2
53,St John of God Bendigo Hospital,https://en.wikipedia.org/wiki/St_John_of_God_Bendigo_Hospital,1
53,St John of God Bendigo Hospital,https://en.wikipedia.org/wiki/St_John_of_God_Bendigo_Hospital,1
53,St John of God Bendigo Hospital,https://en.wikipedia.org/wiki/St_John_of_God_Bendigo_Hospital,1
53,St John of God Bendigo Hospital,https://en.wikipedia.org/wiki/St_John_of_God_Bendigo_Hospital,1
53,St John of God Bendigo Hospital,https://en.wikipedia.org/wiki/St_John_of_God_Bendigo_Hospital,1
53,St John of God Bendigo Hospital,https://en.wikipedia.org/wiki/St_John_of_God_Bendigo_Hospital,1
53,St John of God Bendigo Hospital,https://en.wikipedia.org/wiki/St_John_of_God_Bendigo_Hospital,1
53,St John of God Bendigo Hospital,https://en.wikipedia.org/wiki/St_John_of_God_Bendigo_Hospital,1
53,St John of God Bendigo Hospital,https://en.wikipedia.org/wiki/St_John_of_God_Bendigo_Hospital,1
53,St John of God Bendigo Hospital,https://en.wikipedia.org/wiki/St_John_of_God_Bendigo_Hospital,1
53,St John of God Bendigo Hospital,https://en.wikipedia.org/wiki/St_John_of_God_Bendigo_Hospital,1
53,St John of God Bendigo Hospital,https://en.wikipedia.org/wiki/St_John_of_God_Bendigo_Hospital,1
49,Archer Capital,https://en.wikipedia.org/wiki/Archer_Capital,1
49,Archer Capital,https://en.wikipedia.org/wiki/Archer_Capital,1
49,Archer Capital,https://en.wikipedia.org/wiki/Archer_Capital,1
49,Archer Capital,https://en.wikipedia.org/wiki/Archer_Capital,1
49,Archer Capital,https://en.wikipedia.org/wiki/Archer_Capital,1
49,Archer Capital,https://en.wikipedia.org/wiki/Archer_Capital,1
49,Archer Capital,https://en.wikipedia.org/wiki/Archer_Capital,1
49,Archer Capital,https://en.wikipedia.org/wiki/Archer_Capital,1
49,Archer Capital,https://en.wikipedia.org/wiki/Archer_Capital,1
49,Archer Capital,https://en.wikipedia.org/wiki/Archer_Capital,1
49,Archer Capital,https://en.wikipedia.org/wiki/Archer_Capital,1
49,Archer Capital,https://en.wikipedia.org/wiki/Archer_Capital,1
34,Parrhasia (city),https://en.wikipedia.org/wiki/Parrhasia_(city),1
34,Parrhasia (city),https://en.wikipedia.org/wiki/Parrhasia_(city),1
34,Parrhasia (city),https://en.wikipedia.org/wiki/Parrhasia_(city),1
34,Parrhasia (city),https://en.wikipedia.org/wiki/Parrhasia_(city),1
34,Parrhasia (city),https://en.wikipedia.org/wiki/Parrhasia_(city),1
34,Parrhasia (city),https://en.wikipedia.org/wiki/Parrhasia_(city),1
34,Parrhasia (city),https://en.wikipedia.org/wiki/Parrhasia_(city),1
34,Parrhasia (city),https://en.wikipedia.org/wiki/Parrhasia_(city),1
34,Parrhasia (city),https://en.wikipedia.org/wiki/Parrhasia_(city),1
34,Parrhasia (city),https://en.wikipedia.org/wiki/Parrhasia_(city),1
34,Parrhasia (city),https://en.wikipedia.org/wiki/Parrhasia_(city),1
34,Parrhasia (city),https://en.wikipedia.org/wiki/Parrhasia_(city),1
52,Vainshtein radius,https://en.wikipedia.org/wiki/Vainshtein_radius,1
52,Vainshtein radius,https://en.wikipedia.org/wiki/Vainshtein_radius,1
52,Vainshtein radius,https://en.wikipedia.org/wiki/Vainshtein_radius,1
52,Vainshtein radius,https://en.wikipedia.org/wiki/Vainshtein_radius,1
52,Vainshtein radius,https://en.wikipedia.org/wiki/Vainshtein_radius,1
52,Vainshtein radius,https://en.wikipedia.org/wiki/Vainshtein_radius,1
52,Vainshtein radius,https://en.wikipedia.org/wiki/Vainshtein_radius,1
52,Vainshtein radius,https://en.wikipedia.org/wiki/Vainshtein_radius,1
52,Vainshtein radius,https://en.wikipedia.org/wiki/Vainshtein_radius,1
52,Vainshtein radius,https://en.wikipedia.org/wiki/Vainshtein_radius,1
52,Vainshtein radius,https://en.wikipedia.org/wiki/Vainshtein_radius,1
52,Vainshtein radius,https://en.wikipedia.org/wiki/Vainshtein_radius,1
54,2020 in K-1,https://en.wikipedia.org/wiki/2020_in_K-1,1
54,2020 in K-1,https://en.wikipedia.org/wiki/2020_in_K-1,1
54,2020 in K-1,https://en.wikipedia.org/wiki/2020_in_K-1,1
54,2020 in K-1,https://en.wikipedia.org/wiki/2020_in_K-1,1
54,2020 in K-1,https://en.wikipedia.org/wiki/2020_in_K-1,1
54,2020 in K-1,https://en.wikipedia.org/wiki/2020_in_K-1,1
54,2020 in K-1,https://en.wikipedia.org/wiki/2020_in_K-1,1
54,2020 in K-1,https://en.wikipedia.org/wiki/2020_in_K-1,1
54,2020 in K-1,https://en.wikipedia.org/wiki/2020_in_K-1,1
54,2020 in K-1,https://en.wikipedia.org/wiki/2020_in_K-1,1
54,2020 in K-1,https://en.wikipedia.org/wiki/2020_in_K-1,1
54,2020 in K-1,https://en.wikipedia.org/wiki/2020_in_K-1,1
50,Nguyễn Thị Mỹ Đức,https://en.wikipedia.org/wiki/Nguyễn_Thị_Mỹ_Đức,1
50,Nguyễn Thị Mỹ Đức,https://en.wikipedia.org/wiki/Nguyễn_Thị_Mỹ_Đức,1
50,Nguyễn Thị Mỹ Đức,https://en.wikipedia.org/wiki/Nguyễn_Thị_Mỹ_Đức,1
50,Nguyễn Thị Mỹ Đức,https://en.wikipedia.org/wiki/Nguyễn_Thị_Mỹ_Đức,1
50,Nguyễn Thị Mỹ Đức,https://en.wikipedia.org/wiki/Nguyễn_Thị_Mỹ_Đức,1
50,Nguyễn Thị Mỹ Đức,https://en.wikipedia.org/wiki/Nguyễn_Thị_Mỹ_Đức,1
50,Nguyễn Thị Mỹ Đức,https://en.wikipedia.org/wiki/Nguyễn_Thị_Mỹ_Đức,1
50,Nguyễn Thị Mỹ Đức,https://en.wikipedia.org/wiki/Nguyễn_Thị_Mỹ_Đức,1
50,Nguyễn Thị Mỹ Đức,https://en.wikipedia.org/wiki/Nguyễn_Thị_Mỹ_Đức,1
50,Nguyễn Thị Mỹ Đức,https://en.wikipedia.org/wiki/Nguyễn_Thị_Mỹ_Đức,1
50,Nguyễn Thị Mỹ Đức,https://en.wikipedia.org/wiki/Nguyễn_Thị_Mỹ_Đức,1
50,Nguyễn Thị Mỹ Đức,https://en.wikipedia.org/wiki/Nguyễn_Thị_Mỹ_Đức,1
58,Swimming at the 1984 Summer Olympics – Men's 100 metre butterfly,https://en.wikipedia.org/wiki/Swimming_at_the_1984_Summer_Olympics_–_Men's_100_metre_butterfly,1
58,Swimming at the 1984 Summer Olympics – Men's 100 metre butterfly,https://en.wikipedia.org/wiki/Swimming_at_the_1984_Summer_Olympics_–_Men's_100_metre_butterfly,1
58,Swimming at the 1984 Summer Olympics – Men's 100 metre butterfly,https://en.wikipedia.org/wiki/Swimming_at_the_1984_Summer_Olympics_–_Men's_100_metre_butterfly,1
58,Swimming at the 1984 Summer Olympics – Men's 100 metre butterfly,https://en.wikipedia.org/wiki/Swimming_at_the_1984_Summer_Olympics_–_Men's_100_metre_butterfly,1
58,Swimming at the 1984 Summer Olympics – Men's 100 metre butterfly,https://en.wikipedia.org/wiki/Swimming_at_the_1984_Summer_Olympics_–_Men's_100_metre_butterfly,1
58,Swimming at the 1984 Summer Olympics – Men's 100 metre butterfly,https://en.wikipedia.org/wiki/Swimming_at_the_1984_Summer_Olympics_–_Men's_100_metre_butterfly,1
58,Swimming at the 1984 Summer Olympics – Men's 100 metre butterfly,https://en.wikipedia.org/wiki/Swimming_at_the_1984_Summer_Olympics_–_Men's_100_metre_butterfly,1
58,Swimming at the 1984 Summer Olympics – Men's 100 metre butterfly,https://en.wikipedia.org/wiki/Swimming_at_the_1984_Summer_Olympics_–_Men's_100_metre_butterfly,1
58,Swimming at the 1984 Summer Olympics – Men's 100 metre butterfly,https://en.wikipedia.org/wiki/Swimming_at_the_1984_Summer_Olympics_–_Men's_100_metre_butterfly,1
58,Swimming at the 1984 Summer Olympics – Men's 100 metre butterfly,https://en.wikipedia.org/wiki/Swimming_at_the_1984_Summer_Olympics_–_Men's_100_metre_butterfly,1
58,Swimming at the 1984 Summer Olympics – Men's 100 metre butterfly,https://en.wikipedia.org/wiki/Swimming_at_the_1984_Summer_Olympics_–_Men's_100_metre_butterfly,1
58,Swimming at the 1984 Summer Olympics – Men's 100 metre butterfly,https://en.wikipedia.org/wiki/Swimming_at_the_1984_Summer_Olympics_–_Men's_100_metre_butterfly,1
48,Prizzi's Honor (novel),https://en.wikipedia.org/wiki/Prizzi's_Honor_(novel),1
48,Prizzi's Honor (novel),https://en.wikipedia.org/wiki/Prizzi's_Honor_(novel),1
48,Prizzi's Honor (novel),https://en.wikipedia.org/wiki/Prizzi's_Honor_(novel),1
48,Prizzi's Honor (novel),https://en.wikipedia.org/wiki/Prizzi's_Honor_(novel),1
48,Prizzi's Honor (novel),https://en.wikipedia.org/wiki/Prizzi's_Honor_(novel),1
48,Prizzi's Honor (novel),https://en.wikipedia.org/wiki/Prizzi's_Honor_(novel),1
48,Prizzi's Honor (novel),https://en.wikipedia.org/wiki/Prizzi's_Honor_(novel),1
48,Prizzi's Honor (novel),https://en.wikipedia.org/wiki/Prizzi's_Honor_(novel),1
48,Prizzi's Honor (novel),https://en.wikipedia.org/wiki/Prizzi's_Honor_(novel),1
48,Prizzi's Honor (novel),https://en.wikipedia.org/wiki/Prizzi's_Honor_(novel),1
48,Prizzi's Honor (novel),https://en.wikipedia.org/wiki/Prizzi's_Honor_(novel),1
48,Prizzi's Honor (novel),https://en.wikipedia.org/wiki/Prizzi's_Honor_(novel),1
